denied,debt_income_ratio,black,self_employed,score_consumer,score_mortgage,insurance_denied,loan_price_ratio
0,22.1,0,0,5,2,0,.80000001
0,26.5,0,0,2,2,0,.921875
0,37.200001,0,0,1,2,0,.94387758
0,32,0,0,1,2,0,.88095236
0,36,0,0,1,1,0,.60000002
0,24,0,0,1,1,0,.5105263
0,35,0,0,1,2,0,.74666667
0,28,0,0,2,2,0,.85779816
1,31,0,0,2,2,1,.89726025
0,18,0,0,2,1,0,.36529681
0,28,0,0,1,2,0,.2238806
0,31,0,0,1,2,0,.72093022
1,28,0,0,1,2,1,.53763443
0,36,0,0,1,1,0,.6494382
0,18,0,0,1,1,0,.36250001
0,36,0,0,2,1,0,.83333331
0,23,0,0,1,1,0,.65934068
0,32,0,0,2,1,0,.4375
0,31,0,0,2,2,0,.80337077
0,37,0,0,2,2,0,.80000001
1,37,0,0,6,1,1,.89634144
0,39,0,0,3,2,0,.89781022
0,32,0,0,1,2,0,.72916669
0,39,0,0,1,2,0,.90102386
0,33,0,0,1,2,0,.65437788
0,28,0,0,1,2,0,.70833331
0,37,0,0,1,2,0,.90265489
0,30,0,0,1,2,0,.5076142
0,31,0,0,1,2,0,.94936711
0,26,1,0,1,2,0,.89108908
0,36,0,0,1,2,0,.86330932
0,37,0,0,5,1,0,.71428573
0,35,0,0,3,2,0,.75121951
0,37,0,0,1,2,0,.90212768
0,34,0,0,1,2,0,.87272727
0,38,0,0,1,2,0,.48128343
0,44,0,0,1,1,0,.68796992
0,35,1,0,2,1,0,.89781022
0,38,0,0,1,2,0,.89999998
0,37,0,0,1,2,0,.93124998
0,37,0,0,1,2,0,.9537037
0,41,0,0,1,1,0,.69230771
1,35,0,0,1,2,1,1.4782609
1,41,0,0,3,4,0,.72000003
0,34,0,0,6,2,0,.69565219
0,29,0,0,2,2,0,.89403975
1,27,0,0,6,2,0,.80000001
0,37,1,0,1,2,0,.8671875
1,34,0,1,1,2,0,.74193549
0,36,0,0,2,1,0,.72463769
0,34,0,0,5,3,0,.64367819
0,27,0,0,1,2,0,.95238096
0,16,0,0,1,1,0,.79310346
0,39,0,0,1,2,0,.91358024
0,36,0,0,5,2,0,.20714286
0,31.4,0,0,1,2,0,.9539749
0,34,0,0,1,2,0,.90344828
0,33.200001,0,0,2,2,0,.93277311
0,33,0,1,1,1,0,.64102566
0,39.900002,0,0,1,2,0,.80459768
0,34.200001,0,0,1,2,0,.76923078
0,37.599998,0,0,2,1,0,.80000001
0,32.099998,0,0,1,2,0,.89552242
0,27.9,0,0,1,2,0,.80000001
0,31.700001,0,0,2,2,0,.89999998
0,28.5,1,1,1,2,0,.80246913
0,36.5,0,0,2,2,0,.94666666
0,33.700001,0,0,4,1,0,.42735043
0,35,0,0,1,1,0,.6785714
0,35.200001,0,0,2,2,0,.89147288
0,35,0,0,1,1,0,.9520548
0,34.400002,0,0,1,2,0,.94871795
0,28,0,0,1,2,0,.73825502
0,37.799999,0,0,2,2,0,.89947093
0,25.799999,0,0,2,2,0,.80000001
0,21.799999,0,1,2,1,0,.80219781
0,23,0,0,1,1,0,.55307263
0,28.5,0,0,1,2,0,.65614033
1,26.5,0,0,2,2,1,.94999999
0,36,0,0,1,4,0,.78431374
0,27.200001,0,0,1,1,0,.66666669
0,36,0,1,2,1,0,.80113637
1,31,1,0,4,2,0,.89999998
1,35.900002,0,0,2,2,0,.95275593
0,39.700001,0,0,2,1,0,.67307693
0,34,0,1,2,1,0,.76666665
1,21.9,1,0,2,2,0,.80000001
0,32,0,0,1,2,0,.85000002
0,32,0,0,1,2,0,.94814813
0,28,0,0,1,2,0,.5
1,38.799999,1,0,3,2,0,.90070921
0,25,0,0,1,2,0,.80000001
0,34,0,0,1,1,0,.90196079
0,32,0,0,2,2,0,.74418604
0,31.200001,0,1,1,2,0,.79912663
0,33,0,0,1,2,0,.59493673
0,32,0,0,2,2,0,.69078946
0,38,0,0,2,1,0,.90303028
0,32,0,0,1,2,0,.79699248
0,23,0,0,1,2,0,.954023
0,27,0,0,2,2,0,.80000001
0,31.4,0,0,5,1,0,.66666669
0,35,0,0,3,2,0,.85820895
0,32,0,1,2,2,0,.80000001
0,35.799999,0,0,1,1,0,.80000001
1,35,0,0,1,2,1,.95200002
0,34,0,0,3,2,0,.92253524
0,31,0,1,2,2,0,.80000001
0,29,0,0,3,3,0,.70322579
1,61,0,0,1,2,0,.55555558
0,26.299999,0,0,1,1,0,.61538464
0,26.200001,0,0,2,2,0,.69230771
0,36,0,0,1,2,0,.89999998
1,46,0,1,2,1,0,.796
0,30.5,0,0,1,2,0,.72222221
0,38.400002,0,0,2,2,0,.52054793
0,26.4,0,1,1,2,0,.80000001
0,33,0,0,1,1,0,.29612756
1,47,1,1,3,2,0,.89864862
0,19,0,0,1,2,0,.74301678
0,30,0,0,4,2,0,.89473683
0,36,0,0,1,1,0,.73863637
0,33,0,0,1,2,0,.69999999
0,23,0,0,1,2,0,.7368421
0,41,0,0,3,1,0,.80000001
0,36,0,0,2,2,0,.95061731
1,41,0,0,1,2,0,.69836956
0,33,0,0,1,2,0,.68181819
1,29,0,0,6,2,0,.59405941
0,41,0,0,1,1,0,.7987805
0,33,0,0,1,2,0,.90170938
0,23,0,0,1,1,0,.88917524
0,39,0,1,1,1,0,.80000001
0,39,0,1,5,1,0,.80051148
0,27,0,0,1,1,0,.80000001
0,38.400002,0,1,1,1,0,.80000001
0,38.200001,1,0,6,2,0,.67826086
0,37,0,0,1,2,0,.5813008
0,32.5,0,0,4,2,0,.79891306
0,39.799999,0,0,1,1,0,.65204084
0,39.5,0,0,2,2,0,.80000001
0,40.700001,0,0,1,2,0,.74893618
0,30.1,0,0,1,2,0,1
0,36.5,0,0,1,2,0,1
0,26.6,0,0,1,2,0,.7977528
0,26.799999,0,0,1,2,0,.90106004
0,26.9,0,0,1,2,0,.7987805
0,40.900002,1,0,6,2,0,.94999999
0,30.799999,0,0,6,2,0,.58139533
0,31.1,0,0,5,2,0,.73170733
0,36,1,0,1,2,0,.89795917
0,39,0,0,2,2,0,.82993197
0,32,0,0,1,2,0,.73456788
0,18,0,0,1,2,0,.32270312
0,34,0,0,6,2,0,.40512821
0,32.799999,1,0,1,2,0,.89999998
1,38.380001,1,0,6,2,0,.89617485
0,33.799999,1,0,6,2,0,.89999998
0,28.1,0,0,1,2,0,.47704083
1,39.23,1,0,6,2,0,.90225565
0,36.299999,0,0,1,1,0,.48695651
0,24.58,0,0,1,1,0,.32110092
0,38.209999,0,0,1,2,0,.7972973
0,32,0,0,1,1,0,.66857141
0,28.6,1,0,5,2,0,.90099013
0,26.6,0,0,2,1,0,.56060606
0,31.5,1,0,1,1,0,.90131581
0,30.469999,1,0,1,2,0,.99759936
0,33.799999,0,0,1,2,0,.90285712
0,36.599998,0,0,1,2,0,.87951809
0,37.099998,1,1,1,2,0,.8974359
0,38.099998,0,0,1,2,0,.31999999
0,35,1,0,1,2,0,.89855075
0,34,1,0,2,2,0,.95238096
0,26.52,0,0,6,2,0,1.3333334
0,35,0,0,2,2,0,.89999998
1,39,1,0,6,2,0,.90225565
1,39,0,1,2,2,0,.79768789
0,30,0,0,1,1,0,.40217391
0,29,0,0,1,1,0,.72222221
0,35,0,0,1,2,0,.80148423
0,39,0,0,1,1,0,1
0,36,1,0,6,2,0,.90370369
0,26,0,0,1,1,0,.7981928
0,36,0,0,1,1,0,.77868855
0,27,0,0,1,2,0,.77401131
0,35.700001,0,0,5,2,0,.80000001
0,30,1,0,1,2,0,1.0705882
0,39,1,0,1,2,0,.90566039
0,31,0,0,1,2,0,.89795917
1,43,0,1,2,1,0,.62608695
1,40,1,0,6,2,1,.94999999
0,34,1,0,6,2,0,.89999998
1,40.599998,0,1,4,2,0,.90212768
1,23,0,0,1,2,0,.33816424
1,73,0,1,1,1,0,.45714286
0,38,1,0,1,2,0,.94666666
0,38.299999,1,0,1,2,0,.94999999
0,32,0,0,1,2,0,.89719623
0,29.299999,0,0,1,2,0,.89908254
0,24.030001,0,0,1,2,0,.2631579
0,19.4,0,0,2,2,0,.7987805
0,29.4,1,0,6,2,0,.8974359
0,38.200001,1,0,2,2,0,.90476191
0,37.98,1,1,6,2,0,.90476191
0,33.59,1,0,1,2,0,.8984375
0,39.029999,1,0,6,2,0,.90476191
0,39.279999,1,0,6,2,0,.80000001
0,28,0,0,5,2,0,.84916198
0,31,0,0,1,2,0,.26279071
0,38.41,0,1,1,2,0,.80234838
0,33.400002,1,0,1,2,0,.90209788
0,29,1,0,1,2,0,.90217394
0,33.09,0,0,1,2,0,.74576271
0,33.689999,1,0,1,2,0,.95145631
0,34.23,0,0,1,2,0,.89999998
1,30.27,1,0,5,2,0,.95454544
0,31.91,0,0,1,2,0,.79746836
0,24.629999,0,0,1,2,0,.69767439
0,28.6,0,1,2,2,0,.8019802
0,27,0,0,6,2,0,1
0,28.200001,0,1,2,2,0,.89999998
0,32.439999,0,1,1,1,0,.56479692
0,34.799999,0,1,2,2,0,.75
0,29.6,0,0,4,2,0,.49833888
0,31.98,0,0,5,1,0,.52380955
0,40.009998,0,1,1,2,0,.39543727
0,27.629999,0,0,2,2,0,1
0,35.240002,0,0,2,2,0,.79674798
0,12.38,0,0,1,2,0,.69999999
0,34,0,0,1,2,0,.75081968
0,21.16,0,1,1,2,0,.53333336
0,28.26,0,0,1,1,0,.4723618
0,28.9,0,0,1,1,0,.70588237
0,30,0,0,5,1,0,.78378379
0,36,0,0,3,2,0,.73593074
0,32,0,0,1,1,0,.56410259
1,32,0,0,1,1,0,.74123991
0,26,0,0,5,1,0,.79844964
0,26,0,0,2,1,0,.70754719
1,32,0,1,2,1,0,.80112046
0,42,1,0,3,3,0,.80000001
0,34,0,0,5,2,0,.64341086
0,37,0,0,1,2,0,.87755102
0,29,0,0,1,2,0,.60150373
0,35,0,0,1,2,0,.72000003
0,40,0,0,1,2,0,.80000001
0,36,0,0,1,2,0,.92631578
0,38,0,0,1,1,0,.70454544
0,37,0,0,1,1,0,.5777778
0,41,0,0,1,1,0,.71923077
0,32,0,0,1,2,0,.27777779
0,33,0,0,1,2,0,.94623655
0,33,0,0,1,2,0,.90849674
0,29,0,0,1,2,0,.3125
0,37,0,1,6,1,0,.34090909
0,36,0,0,6,2,0,.89880955
0,37,0,0,1,2,0,.79754603
0,30,0,0,1,1,0,.52941179
0,34,0,0,1,2,0,.87898088
0,42,0,1,2,2,0,.75
0,20,0,0,1,1,0,.11111111
0,30,0,0,2,1,0,.52980131
0,38,0,0,2,1,0,.93437499
0,34,0,0,6,2,0,.92121214
0,29,0,1,1,1,0,.71923077
0,32,0,0,1,2,0,.92146599
0,36,0,0,2,2,0,.94375002
0,41,0,0,1,1,0,.65789473
0,32,0,0,1,2,0,.80246913
0,38,1,0,1,2,0,.91150445
0,20,0,0,3,1,0,.80246913
0,28,0,0,4,2,0,.92307693
0,25,0,0,4,2,0,.55555558
0,29,0,0,1,2,0,.57538462
1,49,0,0,2,1,0,.9527027
0,33,0,0,1,2,0,.89893615
0,45,0,0,2,1,0,.69655174
1,41,0,0,1,2,1,.94701988
0,35,0,0,1,2,0,.83870965
0,35,0,0,2,3,0,.35587189
0,8,0,1,1,2,0,.7368421
0,25,0,0,1,2,0,.50370371
0,48,0,0,1,2,0,.78985506
0,36,0,1,1,2,0,1
0,32,0,0,1,2,0,.89922482
0,27,0,0,1,2,0,.84388185
0,34,0,0,1,1,0,.7986111
0,33,0,0,6,2,0,.87755102
0,28,0,0,1,2,0,.63953489
0,34,0,0,2,1,0,.89887643
0,37,0,0,1,2,0,.79768789
0,30,0,0,4,2,0,.73456788
0,36,0,0,1,2,0,.68877554
0,35.509998,0,1,3,4,0,.50724638
0,25,0,1,2,2,0,.75294119
0,14,0,0,4,1,0,.34965035
0,44,0,1,1,1,0,.41666666
0,45,0,0,1,2,0,.80310881
0,37,0,1,1,2,0,.80246913
0,34,0,0,1,1,0,.8015666
0,27.040001,0,0,3,3,0,.78698224
0,23,0,0,2,2,0,.63535911
0,34,0,0,1,2,0,.093303233
0,33,0,0,2,2,0,.72789115
0,37.5,0,0,1,2,0,.80291969
0,33.57,0,0,1,1,0,.79891306
0,27.790001,0,0,1,2,0,.63953489
0,41,0,0,1,1,0,.80000001
0,36.290001,0,0,1,1,0,.5400697
0,30.879999,0,0,1,2,0,.8012048
0,36.599998,0,0,1,2,0,.7185185
0,31.49,0,0,1,2,0,.85714287
0,27.52,0,0,1,1,0,.80952382
0,35,0,0,3,1,0,.64039409
0,33.27,0,0,1,2,0,.71428573
0,32,0,0,3,3,0,.625
1,26.42,0,0,1,1,1,.79661018
1,33.970001,0,0,2,1,0,.6111111
1,33.970001,0,0,2,1,0,.6111111
0,36.060001,0,0,1,2,0,.7185185
0,37.68,0,1,1,1,0,.90370369
0,30.1,1,0,2,2,0,.875
0,54,0,0,4,2,0,.75
0,35.099998,0,0,4,2,0,.62349397
0,38.900002,0,0,6,2,0,.91923076
1,43,0,1,6,3,0,.80000001
1,43,0,1,2,2,0,.80000001
0,15,0,0,6,1,0,.6891892
0,34,0,0,1,2,0,.90209788
0,31,0,0,2,1,0,.80000001
0,37,0,0,2,2,0,.92307693
0,31,0,0,1,2,0,.93076921
0,30,0,0,1,2,0,.94444442
0,16,0,0,1,1,0,.20304568
0,36,0,0,1,2,0,.90399998
0,36,0,0,1,2,0,.89999998
0,40,0,0,1,2,0,.69999999
0,37,0,0,1,2,0,.85000002
0,28,0,1,1,1,0,.47368422
0,43,0,0,5,2,0,.56
0,36,0,0,1,1,0,.90285712
0,24,0,1,1,2,0,.66666669
0,47,0,1,1,1,0,.65107912
0,8,1,0,4,2,0,.94
0,24,0,0,1,1,0,.56666666
0,22,0,0,1,2,0,.65317917
0,14,0,0,1,1,0,.31999999
0,21,0,0,1,1,0,.28925619
0,0,0,0,1,1,0,.6294964
1,21.02,0,0,1,2,0,.79661018
0,39.450001,0,0,1,1,0,.14769231
0,30,0,0,1,2,0,.80000001
0,36,0,0,2,2,0,.80000001
0,28,0,0,2,1,0,.55102038
0,26,0,0,1,2,0,.796875
0,28,0,0,2,2,0,.88571429
0,30.440001,0,1,2,1,0,.3644315
0,31.360001,0,0,2,1,0,.29761904
0,30.23,0,0,5,2,0,.78431374
0,19.950001,0,0,2,1,0,.41463414
0,27.450001,0,0,6,2,0,.80000001
1,31.799999,0,0,3,2,0,.80291969
0,45,0,0,6,1,0,.60439563
0,35.689999,0,0,1,1,0,.69999999
0,25.4,0,0,1,1,0,.67632848
0,24.059999,0,0,1,2,0,.40000001
0,28,0,0,1,1,0,.33870968
1,41.68,0,1,5,1,0,1.2068965
1,38.860001,0,0,2,3,0,.64485979
1,34.080002,0,0,2,2,0,.80000001
0,27,0,0,1,2,0,.89999998
1,35,0,0,1,2,0,.89999998
0,35,0,0,1,2,0,.59166664
0,32,0,0,3,2,0,.80000001
1,32,0,0,1,2,0,.80000001
0,37,0,0,1,2,0,.90399998
0,35,1,0,6,2,0,.90229887
0,44,1,0,6,2,0,.90434784
0,40,1,0,6,2,0,.94736844
0,29,1,0,1,2,0,.89887643
0,41,1,0,5,2,0,.95200002
0,25,1,0,3,2,0,.94696969
0,40,0,0,5,1,0,.80000001
0,43,1,1,5,2,0,.953125
0,41,1,0,6,2,0,.89944136
0,49,0,0,5,2,0,.94915253
0,41,0,0,1,2,0,.79389316
0,26,0,1,2,4,0,.70243901
1,36.700001,0,0,6,2,0,.8046875
0,39,0,0,1,2,0,.21505377
0,37,0,0,1,2,0,.69999999
0,33,0,0,1,2,0,.021052632
0,28,0,0,3,2,0,.80000001
0,36,0,0,1,2,0,.80000001
0,35,0,0,2,1,0,.69262296
0,32,0,0,1,2,0,.78014183
0,38,0,0,1,2,0,.25
0,35,0,0,1,2,0,.90370369
0,36,0,0,1,1,0,.54726368
0,25,0,0,1,2,0,.64705884
0,47,1,0,2,2,0,.80000001
1,18,0,0,6,2,0,.78571427
0,29,0,0,1,2,0,.74712646
0,25,0,0,1,2,0,.66470587
0,26,0,0,2,2,0,.60714287
0,29,0,0,2,2,0,.3950178
0,29,0,1,1,2,0,.71724141
0,27,0,0,2,2,0,.74033147
0,29,0,0,1,1,0,.63451779
1,21,1,0,2,2,0,.61290324
0,95,0,1,6,3,0,.54705882
0,25,0,0,1,2,0,.93023258
0,22,0,0,2,2,0,.61744964
0,37,0,0,1,1,0,.7863248
0,40,0,0,2,2,0,.92537314
0,29,0,0,1,2,0,.69696969
1,36,0,0,1,2,0,.80000001
0,32,0,0,1,2,0,.79268295
0,38,0,1,2,2,0,.83333331
1,37,0,1,2,1,0,1.3
0,40,0,0,1,2,0,.64016736
0,24,0,0,2,2,0,.5714286
0,37,0,1,2,1,0,.6111111
0,35,0,0,2,2,0,.80291969
0,41,0,0,2,1,0,.80000001
0,41,0,0,2,2,0,.93877554
0,32,1,0,4,2,0,.80000001
0,34,0,0,1,2,0,.90399998
0,39,0,0,2,2,0,.88461536
0,23.9,0,0,5,2,0,.16393442
0,33.099998,0,1,1,2,0,.40625
0,35.5,0,0,6,1,0,.55555558
0,40.889999,0,0,5,2,0,.89600003
0,16.5,0,0,1,1,0,.11019284
0,30.700001,0,0,1,2,0,.49295774
0,23.5,0,0,1,1,0,.67833698
0,31.299999,0,0,1,2,0,.55309737
0,26.6,0,0,2,2,0,.6484375
0,23.1,0,1,4,2,0,.74766356
0,30.4,0,0,1,2,0,.47348484
0,34.700001,0,0,1,1,0,.52282161
0,35.099998,0,1,1,2,0,.5
0,32.099998,0,0,1,2,0,.94520545
0,38.099998,0,0,1,1,0,.55364805
1,47.200001,0,0,2,2,0,.86956519
1,42.5,1,0,6,4,0,.95135134
0,31.9,0,0,1,1,0,.80053908
0,6.9899998,0,1,5,2,0,.47169811
0,34.099998,0,0,4,2,0,.93877554
0,34.900002,0,0,1,2,0,.27777779
0,33.799999,0,0,1,2,0,.89999998
0,39.599998,1,0,1,2,0,.8018868
0,39,0,1,1,1,0,.80653954
0,27.5,0,0,1,2,0,.72916669
0,31.049999,0,0,5,2,0,.80263156
0,46.799999,0,0,5,2,0,.78378379
0,38.860001,1,1,1,1,0,.80000001
0,24.200001,0,0,1,1,0,.1971831
0,69.199997,0,1,1,1,0,.79365081
1,57.599998,1,0,6,2,0,.89928055
0,35.41,0,0,1,2,0,.79166669
1,47.900002,1,0,6,2,0,.95192307
0,35.599998,0,0,1,1,0,.7508772
1,36.299999,1,0,1,2,1,.8611111
0,26.4,1,0,1,1,0,.44715446
0,17.299999,0,0,1,1,0,.375
0,36.5,0,0,1,2,0,.89869279
0,40.5,0,0,1,1,0,.80000001
0,25.200001,0,0,1,1,0,.80263156
0,24.799999,1,0,4,2,0,.69863015
0,39.099998,0,0,1,2,0,.27906978
0,28.299999,0,0,4,2,0,.5959596
0,30.4,0,0,1,2,0,.65217394
0,5.5999999,1,0,6,4,0,.80000001
0,38.400002,0,0,1,2,0,.80000001
1,58.400002,0,0,6,2,0,.75460124
0,26.299999,0,0,1,2,0,.80000001
0,25.27,0,0,1,2,0,.69999999
0,31.6,0,0,1,2,0,.80152673
0,35.799999,0,0,1,2,0,.875
0,36.900002,0,0,1,2,0,.79452056
0,22.200001,0,0,1,2,0,.73913044
0,25.299999,0,0,6,1,0,.63190186
0,18.4,0,0,6,2,0,.80327868
0,40,0,0,1,2,0,.90163934
0,34,0,0,1,1,0,.80232561
1,30.370001,0,0,6,2,0,.80000001
0,41,0,1,1,2,0,.67636365
1,18,0,0,6,2,0,1
0,40,0,1,2,2,0,.80000001
0,31,0,0,2,2,0,.83076924
0,53,0,0,1,2,0,.38181818
0,32.580002,0,0,2,2,0,.80000001
0,39.240002,0,0,1,1,0,.60526317
0,22.51,0,0,1,2,0,.35874438
0,38.169998,0,0,1,1,0,.79912663
0,33.75,1,0,1,2,0,.902439
0,16,0,0,2,1,0,.51666665
1,30,1,0,4,2,0,.76923078
0,10,0,1,1,1,0,1.3333334
0,20,0,0,3,1,0,.9391892
0,8,0,0,1,1,0,.79670328
0,10,0,1,2,1,0,.78328979
0,17,1,0,2,1,0,.91351354
0,29,0,0,1,2,0,.7977528
0,37,0,0,2,2,0,.92207789
0,36,0,0,1,2,0,.80000001
0,25,0,0,2,2,0,.89285713
1,36,0,0,6,2,0,.80000001
0,39,0,0,1,2,0,.89090908
0,38,0,0,2,2,0,.79850745
0,40,0,1,2,2,0,.80000001
0,36,0,0,1,1,0,.80000001
0,38,0,1,2,2,0,.91923076
0,33,0,0,1,2,0,.66292137
0,37,0,0,2,1,0,.80110496
0,22,1,1,3,1,0,.80139375
0,30,0,0,1,1,0,.42372882
0,36,0,0,1,2,0,.92052978
0,41,0,0,6,2,0,.89617485
0,35,0,0,1,2,0,.67226893
0,32,0,0,1,2,0,.80000001
1,41,1,0,6,2,1,.92592591
0,32,0,0,1,2,0,.89696968
0,40,0,0,3,1,0,.87692308
1,33,1,0,1,2,0,.80000001
0,28,0,0,1,2,0,.90217394
0,35,0,0,2,1,0,.73333335
1,40,1,0,1,2,0,.89999998
1,30,1,1,6,2,0,.90080428
0,35,0,0,4,2,0,.92156863
0,20,0,0,1,1,0,.70080864
0,29,0,0,1,4,0,.37656903
0,36,0,0,2,2,0,.90109891
0,34,0,0,1,2,0,.35193133
0,26,0,0,2,2,0,.38461539
0,28,0,0,2,1,0,.6448276
0,43,0,0,2,1,0,.41379312
0,27,0,1,1,1,0,.7972973
0,28,0,0,2,2,0,.75274724
0,27,0,0,1,2,0,.85185188
0,36,0,0,1,1,0,.64102566
0,35,0,0,2,3,0,.62630481
0,33,0,0,1,2,0,.87145972
0,32,0,0,3,1,0,.76923078
0,23,0,0,1,1,0,.5
0,37,0,0,2,2,0,.51162791
0,33.119999,0,0,2,2,0,.79333335
1,35.130001,0,0,5,2,0,.54285717
0,45.700001,0,0,1,1,0,.75661373
0,35.240002,0,0,1,2,0,.9453125
1,41.689999,0,0,2,2,1,.92307693
0,21.91,0,0,1,2,0,.80000001
1,20.52,0,1,1,2,1,.94
0,46.110001,0,0,2,2,0,.79824561
0,34.66,0,0,2,2,0,.96153843
0,31.67,0,0,1,1,0,.79545456
0,37.279999,0,0,1,2,0,.8984375
0,66.099998,0,0,1,2,0,.43356642
0,35.619999,0,0,1,2,0,.89051098
0,37.450001,1,0,2,2,0,.89583331
1,31.4,0,0,1,2,1,.86363637
1,38.389999,0,0,1,2,1,.94999999
0,36.139999,0,0,2,2,0,.79824561
0,26.639999,0,1,1,2,0,.25316456
0,32.209999,0,0,2,2,0,.80000001
0,23.110001,1,0,1,2,0,.87022901
0,36.450001,0,0,2,2,0,.89565217
0,42.66,0,0,1,1,0,.8881579
0,28.98,0,1,1,2,0,.80000001
0,81.419998,1,0,3,2,0,.52083331
0,37.139999,1,1,2,2,0,.94674557
0,29.639999,0,0,1,2,1,.89634144
0,35.349998,1,0,1,2,0,.82285714
0,34.75,1,0,2,2,0,.80000001
0,49.970001,1,0,1,2,0,.93854749
0,37.43,0,0,1,1,0,.56521738
0,46.77,1,0,3,1,0,.89887643
1,10.43,0,1,4,2,0,.66666669
0,32.279999,0,0,1,2,0,.89999998
0,29.32,0,0,1,2,0,.94690263
0,33.560001,0,0,1,2,0,.89256197
1,41.669998,1,0,5,1,0,.75
0,25.75,0,0,1,2,0,.80000001
0,35.77,0,0,1,1,0,.70256412
1,46.68,0,0,4,2,0,.66666669
0,21.6,1,0,3,1,0,.32374102
0,27.700001,0,1,2,1,0,.65217394
0,27,0,0,1,1,0,.65420562
0,32,0,0,2,1,0,.70987654
0,25,0,0,1,1,0,.63829786
1,50.5,0,0,6,2,0,.64135021
0,32,1,0,2,2,0,.61262959
1,35.5,1,1,5,2,0,.6875
0,31,0,0,1,2,0,.89655173
0,30,0,0,2,1,0,.47945204
0,19,0,0,1,1,0,.1847941
0,18,1,0,1,1,0,1.0035211
0,8,0,0,1,1,0,1
0,36,0,0,1,1,0,1
0,14,0,0,1,2,0,1
0,34,0,0,1,2,0,1
0,34,0,0,1,1,0,1
0,32,1,0,1,1,0,1
0,19,0,0,1,1,0,1.08
0,32,0,0,2,1,0,1
0,73,0,0,1,1,0,1
0,58,1,0,1,1,0,1
0,30,0,0,1,2,0,1
0,14,0,0,1,2,0,1
0,26,0,1,1,1,0,1
0,43,0,0,2,1,0,1
0,47,0,0,1,1,0,1
0,25,1,0,2,1,0,1
0,30,0,0,1,1,0,1
0,27,0,0,6,2,0,1
0,36,0,0,1,1,0,1
0,24.9,0,0,2,4,0,.23712738
0,21.6,0,0,3,1,0,.52044612
1,116,0,0,1,2,0,.75268817
0,36,0,1,3,1,0,.59405941
0,27.799999,0,0,5,2,0,.31921825
0,32,0,0,2,2,0,.80000001
0,28.799999,0,0,2,2,0,.7478261
0,48.299999,0,1,2,1,0,.75
0,31.200001,0,0,2,2,0,.63157892
0,29.700001,0,0,1,1,0,.57446808
0,34.400002,0,0,1,2,0,.69999999
0,36.200001,0,0,2,2,0,.75
0,28.5,0,0,2,2,0,.81632656
0,32.299999,0,0,2,1,0,.75
0,40.400002,0,1,1,1,0,.79914528
0,31.6,1,0,1,2,0,.89622641
0,28.799999,0,0,4,2,0,.75
0,35.799999,0,0,1,2,0,.6875
0,29,0,0,1,1,0,.73412699
0,35,0,0,2,2,0,.95238096
0,34,0,0,2,1,0,.80000001
0,36,0,0,1,2,0,.79870129
1,27,0,0,6,2,0,.72560978
1,45,1,0,6,2,0,.88780487
0,32,0,0,6,4,0,.85000002
0,33,0,0,1,2,0,.90588236
0,46,0,0,6,2,0,.80000001
0,35,0,0,1,2,0,.80219781
0,35,0,0,6,2,0,.80000001
0,39,0,1,1,2,0,.80000001
0,46,0,0,2,2,0,.66666669
0,38,0,0,1,2,0,.79069769
0,27,0,0,2,2,0,.80000001
0,38,0,0,2,1,0,.80000001
0,22,0,0,1,1,0,.46666667
0,38,0,0,2,2,0,.90344828
0,37,0,0,1,2,0,.64999998
0,37,0,0,1,2,0,.94871795
0,28,0,0,2,1,0,.75999999
0,25,0,0,1,2,0,.69230771
0,26,0,0,1,1,0,.2173913
0,27,0,0,1,2,0,.94936711
0,38,0,0,1,1,0,.74400002
0,35,0,0,1,2,0,.75151515
0,25,0,0,5,1,0,.79824561
0,38,0,0,2,1,0,.79924953
0,37,0,0,1,1,0,1
0,27,0,0,2,1,0,.75
0,24,0,0,2,2,0,.80000001
0,36,0,0,1,4,0,.73972601
0,23,0,0,1,1,0,.61946905
0,33,0,0,1,2,0,.73287672
0,28,0,1,1,1,0,.60000002
0,33,0,0,3,1,0,.79365081
1,37,0,1,3,2,1,.95333332
0,32,0,0,2,2,0,.95384616
0,27,0,0,1,2,0,.8018868
0,28,0,0,1,2,0,.9513889
0,39,0,0,1,2,0,.95238096
0,38,0,0,5,2,0,.94615382
0,38,0,0,1,1,0,.80000001
1,38,0,0,1,2,1,.94782609
1,30,1,0,6,2,0,.90399998
0,39,1,0,6,2,0,.90225565
0,34,0,0,1,2,0,.58823532
0,19,0,1,1,2,0,.34042552
0,34,0,0,6,3,0,.57538462
0,33,0,0,1,2,0,.51813471
0,31,0,1,5,2,0,.75
0,29,1,0,1,2,0,.80000001
0,20,0,0,4,2,0,.40935671
0,45,0,0,5,2,0,.54545456
0,32,0,0,1,2,0,.7977528
0,20,0,1,1,1,0,.77777779
0,27,0,1,1,1,0,.79651165
0,13,0,0,1,2,0,1.1724138
0,15,0,1,1,1,0,.7453416
0,10,0,1,1,1,0,.80000001
0,38,0,0,1,2,0,.56291389
0,22,0,0,1,1,0,.79381442
0,22,0,1,1,1,0,.77978337
0,13,0,1,1,2,0,.80000001
0,7,0,0,1,1,0,.51219511
1,36,0,0,1,1,0,.59677422
1,36,0,0,1,1,0,.59677422
0,24.65,0,0,1,1,0,.79912663
0,21.9,0,0,1,1,0,.58181816
1,31.299999,0,0,5,2,1,.94285715
0,37.700001,0,1,1,1,0,.75757575
0,12.1,0,1,1,1,0,.80000001
0,31.9,0,0,1,1,0,.95172411
0,35.700001,0,0,1,2,0,.69776118
0,37.799999,0,1,1,1,0,.80193239
0,29.299999,0,0,1,2,0,.89772725
0,38.099998,0,0,1,2,0,.7986111
0,23.299999,0,0,1,1,0,.69230771
0,28.700001,0,0,1,1,0,.55555558
0,24.5,0,1,1,3,0,.66666669
0,29.5,0,0,2,2,0,.8974359
0,39.299999,0,0,1,2,0,.79545456
0,33,0,0,5,2,0,.66666669
0,29.799999,0,0,1,2,0,.2
0,40.299999,0,0,1,1,0,.80063289
0,38.599998,0,0,1,2,0,.86206895
1,38.200001,1,0,6,2,0,.94999999
0,35.200001,0,0,1,1,0,.65217394
0,30.6,0,0,1,2,0,.63999999
0,40.009998,0,0,1,2,0,.79881656
0,27,0,0,1,2,0,.94488192
0,38.5,0,0,1,2,0,.72439027
0,21.200001,0,0,1,2,0,.88235295
0,17.5,0,0,2,1,0,.82105261
0,29.959999,0,0,1,2,0,.59183675
0,25.799999,0,0,1,1,0,.75
0,26.6,0,0,1,1,0,.41152263
0,24.299999,0,0,1,1,0,.58677685
0,15.5,0,0,5,1,0,.80000001
0,30,0,0,2,1,0,.80000001
0,39.900002,0,0,1,3,0,.62111801
0,24.74,0,0,1,2,0,.79735684
0,39.5,1,1,5,1,0,.80000001
0,36,0,0,1,2,0,.80000001
1,43,0,1,1,1,0,.64231735
0,39,0,0,1,1,0,.80000001
0,33,0,0,1,2,0,.75862068
0,35,0,1,1,1,0,.62068963
0,33,0,0,2,2,0,.80000001
0,43,0,0,1,2,0,.31609195
0,29,0,0,1,2,0,.625
0,28,0,0,1,2,0,.78947371
0,40,0,0,1,2,0,.61267608
0,37,0,0,3,2,0,.80000001
0,33,0,0,3,2,0,.51612902
0,28,0,0,1,1,0,.80000001
0,36,0,0,1,1,0,.63106793
0,45,0,1,1,1,0,.87
0,30,0,0,1,1,0,.5
0,38,0,1,1,1,0,.35555556
0,29,0,0,1,1,0,.33333334
0,33,0,1,1,1,0,.57692307
0,21,0,0,1,1,0,.27777779
0,31,1,0,1,2,0,.97500002
0,19,1,0,1,2,0,.95714283
0,36,1,0,2,2,0,.72131145
0,35,1,0,1,2,0,.95483869
0,37,1,0,5,2,0,.89999998
0,34,0,0,2,2,0,.91964287
0,33,0,0,2,2,0,.80000001
0,31,0,0,1,2,0,.49685535
0,34.580002,0,0,1,1,0,.57067603
0,42,1,1,2,2,0,.94954127
0,38,1,0,5,2,0,1
0,35,1,0,2,2,0,.95522386
0,33,0,0,3,2,0,.96923077
0,24,1,0,3,2,0,.96842104
0,28.09,1,0,1,2,0,.94845361
0,32,0,0,1,2,0,.74400002
0,16,1,0,2,1,0,.703125
0,25,1,1,1,1,0,1.2054795
0,35,0,1,1,2,0,.80000001
0,38,1,0,1,2,0,.98888886
0,32,1,0,1,2,0,1
0,35,1,0,2,2,0,1.0149254
0,27,1,0,1,2,0,.98750001
0,25,1,0,1,2,0,1
0,29,1,0,3,2,0,1
0,27.120001,1,0,4,2,0,1.0149254
0,32,1,0,1,2,0,.98888886
0,31,1,0,2,2,0,.95294118
0,37,1,0,2,2,0,.95555556
0,58,1,0,4,2,0,.95555556
0,33,1,0,2,2,0,.94845361
0,16,1,0,2,1,0,.87196112
0,38,1,0,3,2,0,1
0,34,1,0,3,2,0,.95238096
1,39,1,0,2,2,0,.93333334
1,45,1,0,1,2,0,.94845361
1,51,1,0,1,2,0,.94674557
1,43,1,0,6,2,0,.94444442
1,31,1,0,6,2,1,.94444442
1,46,1,0,4,2,0,.60000002
1,24,1,0,5,2,0,.94736844
0,22,1,0,2,1,1,.94545454
1,22,1,0,2,1,1,.94999999
1,18,1,0,1,2,0,.63829786
1,66,0,0,2,2,0,.90256411
1,59,1,0,3,2,1,.94117647
1,35,1,0,3,2,1,.94999999
1,52,1,0,4,2,1,.94964027
1,42,1,0,3,2,1,.87857145
1,41,1,0,3,2,1,.99387342
1,49,1,0,1,2,1,.9402985
1,46,1,0,2,2,0,.94936711
1,25,1,0,1,2,0,.63636363
1,39,1,0,5,2,1,.93959731
1,41,0,0,5,2,1,.88
1,26,1,0,4,2,0,.94285715
1,36,1,0,5,2,0,.94444442
1,39,1,0,5,2,0,.94496948
1,36,1,0,5,2,0,.94736844
1,25.299999,1,0,6,2,1,.94444442
1,83,1,0,5,2,0,.94557822
1,34,1,0,1,2,1,.94318181
0,26,0,0,1,2,0,.5625
1,28,0,1,2,2,1,.89999998
1,34,0,0,1,2,0,.8035714
0,37,0,0,1,1,0,.71129709
1,23,0,1,2,1,0,.66923076
0,31,0,0,1,2,0,.85401458
0,36,0,0,1,1,0,.64888889
0,41,0,0,1,2,0,.89999998
0,31,0,0,1,2,0,.79838711
0,44,0,0,2,1,0,.67708331
0,37,0,0,2,1,0,.23809524
0,39,0,0,1,1,0,.53488374
0,38,0,0,3,1,0,.80000001
0,45,0,0,3,1,0,.31007752
0,34,0,0,1,2,0,1
0,34,0,0,3,1,0,.80000001
0,36,0,0,1,2,0,.669967
1,54,0,0,6,2,0,.95614034
0,35,0,0,1,1,0,.80000001
0,33,0,0,5,2,0,.89999998
0,35,0,0,1,1,0,.79906541
0,31,0,0,1,3,0,.65284973
1,25,0,0,3,2,0,.79754603
0,37,0,0,6,2,1,.80000001
0,27,0,0,1,2,0,.89393938
0,27,0,0,1,1,0,.43674698
0,36,0,0,1,2,0,.83941609
0,21,0,0,1,1,0,.60000002
0,30,0,0,1,2,0,.89999998
0,34,0,0,6,2,0,.89781022
0,29,0,1,1,2,0,.79899496
0,40,0,0,6,2,0,.94400001
0,30,0,0,1,2,0,.89999998
0,26,0,0,1,2,0,.92000002
0,28,0,0,1,1,0,.90285712
0,39,0,0,5,1,0,.80000001
0,22,0,0,1,1,0,.89333332
0,28.1,0,0,1,2,0,.72687227
0,35,0,0,5,2,0,.90131581
0,36.200001,0,0,1,1,0,.94736844
0,34.48,0,0,1,1,0,.89999998
0,36.400002,0,1,1,1,0,.92574257
0,17.6,0,0,1,2,0,.78181821
0,37.400002,0,0,1,2,0,.94915253
0,35.900002,0,0,2,1,0,.85106385
0,28.4,0,0,1,2,0,.36507937
0,33.610001,0,0,1,2,0,.80000001
0,25.5,1,0,5,1,0,.79148936
0,31.110001,0,0,2,2,0,.90647483
0,32.599998,0,0,1,2,0,.94117647
0,32.810001,0,0,1,2,0,.80291969
0,38,0,0,1,1,0,.77464789
0,32.200001,0,0,1,2,0,.80000001
1,31.6,0,0,5,2,0,.8035714
0,22.5,0,0,1,2,0,.90526319
0,22.360001,0,0,1,2,0,.88297874
0,22.299999,0,0,1,2,0,.65868264
0,16.9,0,0,2,2,0,.91208792
0,42.200001,0,1,2,2,0,.70930231
0,32.619999,0,0,1,1,0,.38626608
0,31.9,0,0,1,1,0,.5
0,44,0,1,1,2,0,.65034968
0,38.200001,1,0,6,2,0,.80000001
0,30.4,0,0,1,2,0,.92405063
0,34,0,1,2,1,0,.27272728
0,32.200001,0,0,2,2,0,.79285717
0,37.900002,0,0,1,2,0,.80000001
0,65,0,1,1,1,0,.5714286
0,31.9,0,0,6,2,0,.58823532
0,40.75,0,0,1,2,0,.8019802
0,35.919998,0,0,1,2,0,.90163934
0,19.559999,0,0,1,1,0,.5625
0,29.6,0,0,6,2,0,.703125
0,35.700001,0,0,1,1,0,.92156863
0,36.200001,0,0,1,2,0,.94782609
0,30.6,0,0,5,2,0,.80000001
0,27.5,0,0,1,2,0,.89999998
0,30.74,0,0,1,1,0,.62751681
0,32.400002,0,1,1,1,0,.76241136
0,22.799999,0,0,1,1,0,.29239765
0,37.490002,1,0,1,1,0,.87843138
0,40.299999,0,0,1,1,0,.52444446
0,45.400002,0,0,2,1,0,.66666669
0,27.799999,0,0,1,1,0,.52884614
0,28.73,0,0,1,1,0,.76190478
0,26.6,0,0,1,2,0,.89898992
0,33.400002,0,0,1,2,0,.89047617
0,17.4,0,0,2,2,0,.43087557
0,33.299999,0,0,1,2,0,.80000001
0,33.299999,0,0,1,1,0,.4642857
0,38.200001,1,0,1,2,0,.90399998
0,16.4,0,0,1,1,0,.32409012
0,24.1,0,0,1,2,0,.72580647
0,29.700001,0,0,1,2,0,.63157892
0,32.299999,0,0,1,2,0,.81355929
0,29,0,0,2,1,0,1.0909091
0,34.099998,0,0,1,2,0,.90259743
0,41.400002,0,0,2,1,0,.79865772
0,26.6,0,0,2,2,0,.89999998
0,25.940001,0,0,4,2,0,.69417477
0,48.990002,0,1,1,1,0,.6327014
0,26.6,0,0,1,1,0,.5479452
0,22.1,0,0,1,2,0,.77083331
0,40.369999,0,0,1,2,0,.80000001
0,21,0,0,1,1,0,.48780489
0,30.4,0,0,2,2,0,.80000001
0,38.900002,1,0,2,2,0,.96666664
0,37.5,0,0,1,2,0,.80000001
0,32.299999,0,0,1,2,0,.80000001
0,31.9,0,0,2,2,0,.46666667
0,30.200001,0,0,6,1,0,.78448278
0,36.139999,0,0,1,2,0,.87857145
0,30,0,0,1,2,0,.90131581
0,20.9,0,0,1,1,0,.72859746
0,40.099998,1,0,6,1,0,.88095236
0,33,0,0,6,2,0,.80419582
0,30.4,0,0,1,1,0,.66666669
0,14.6,0,0,1,2,0,.7682119
0,37,0,0,1,2,0,.89655173
0,24,0,0,1,1,0,.63043481
0,21,0,0,1,1,0,.21052632
0,26,0,0,2,2,0,.79720283
0,38,1,0,2,1,0,.80000001
0,26,0,0,2,2,0,.80000001
0,18,0,1,3,1,0,.63749999
0,24,0,0,1,2,0,.625
0,28,0,0,4,2,0,.9039548
0,25,0,0,1,2,0,.82485878
0,45,0,0,1,2,0,.501845
0,30,0,0,1,2,0,.7171315
0,34,0,0,5,2,0,.87857145
0,30,0,0,6,2,0,.75
0,28,0,0,1,1,0,.74796748
0,38,0,0,1,1,0,.63636363
1,34,0,0,6,2,0,.80000001
0,35,0,0,3,2,0,.92500001
0,33,0,0,1,2,0,.80000001
0,32,0,0,1,2,0,.81538463
0,22,0,0,1,2,0,.79310346
0,30,0,0,5,2,0,.80000001
0,26,0,0,1,1,0,.53703701
0,34,0,0,3,1,0,.68702292
0,28,0,0,1,2,0,.79545456
0,33,0,1,2,2,0,.89999998
0,40,0,0,1,2,0,.91250002
0,26,0,0,1,2,0,.88461536
0,20,0,0,1,1,0,.46370968
0,34,1,0,1,2,0,.88590604
0,33,0,0,5,2,0,.38461539
0,35,0,0,1,2,0,.94776118
0,36,0,0,2,2,0,.94736844
0,32,0,0,1,2,0,.57978725
0,32,0,0,2,2,0,.49494949
0,22,0,1,1,2,0,.89130437
0,28,0,0,2,1,0,.48290598
0,28,0,0,1,2,0,.94927537
0,31,0,0,1,2,0,.74358976
0,37,0,0,3,1,0,.80000001
0,32,1,0,5,2,0,.92500001
0,39,0,0,1,2,0,.50819671
0,39,0,0,2,1,0,.89880955
0,18,0,0,1,2,0,.56521738
1,38,0,0,1,1,1,.89999998
0,38,0,0,2,2,0,.79699248
0,26,0,0,2,2,0,.7473684
0,36,0,1,3,1,0,.72292995
0,27,0,0,1,2,0,.22
0,24,0,1,1,2,0,.69259262
0,25,0,0,1,1,0,.6448276
0,28,0,0,1,2,0,.7962963
0,39,0,0,1,2,0,.47393364
0,38,0,0,2,2,0,.80000001
0,15,0,0,1,2,0,1
0,23,0,0,1,2,0,.95652175
0,20,0,1,6,2,0,.85454547
0,32,0,1,5,3,0,.97090912
0,35,0,0,3,2,0,.80000001
0,46,0,0,1,2,0,.77142859
0,21,0,0,2,2,0,.8924731
0,31,0,0,1,2,0,.92777777
0,29,0,1,1,2,0,.80000001
0,31,1,0,1,2,0,.90476191
0,33,0,1,1,2,0,.72463769
0,33,0,0,1,2,0,.72727275
0,43,0,0,1,1,0,.80000001
0,37,0,0,2,2,0,.79828328
0,34,0,0,2,1,0,.78571427
1,43,0,0,1,2,1,.8881579
1,36,0,0,1,2,0,.83552629
1,78,0,0,1,2,0,.89999998
0,38,0,0,1,1,0,.6875
0,37,0,0,1,1,0,.64930558
0,37,0,0,1,1,0,.14930555
0,42,0,0,2,1,0,.65454543
0,33,0,0,2,1,0,.79503107
0,41,1,0,3,2,0,.7987988
0,38,1,0,1,2,0,.80281693
0,33,0,0,1,2,0,.80000001
0,39,0,1,4,2,0,.94426227
1,27,1,0,4,2,0,.80000001
1,63,1,0,5,2,0,.78888887
1,43,0,0,5,2,0,.80378252
0,33,1,0,3,2,0,.80059308
1,38,1,0,2,2,0,.79844964
1,37,1,0,5,2,0,.80575538
1,21,1,1,6,2,0,.8041237
0,21,1,0,3,2,0,.80000001
0,23,1,0,2,2,0,1
1,57,0,1,1,2,0,1.0285715
0,27,0,0,1,2,0,.80473375
0,33,0,0,1,2,0,1
0,47,0,1,1,1,0,.70786518
0,32,0,0,1,1,0,.75
0,29,0,0,6,1,0,.91006714
0,47,0,1,2,1,0,.37931034
0,53,0,0,2,1,0,.67346936
0,31,0,0,1,2,0,.8037383
0,39,0,0,2,2,0,.74842769
0,36,0,0,4,1,0,.85714287
0,42,0,0,1,2,0,.83111113
0,36,0,0,3,2,0,.89937109
0,35,0,0,1,2,0,.75
0,26,0,0,5,2,0,.89047617
0,22,0,0,2,2,0,.46315789
0,14,0,0,1,2,0,.29824561
0,32,0,0,5,2,0,.79702967
0,28,0,0,4,2,0,.75
0,37,1,0,2,2,0,.80000001
0,28,0,1,2,2,0,.74800003
0,29,0,0,2,2,0,.74683547
0,27,1,0,5,2,0,.8035714
0,25,0,0,2,2,0,.84126985
0,26,0,0,2,2,0,.80000001
0,30,0,0,1,1,0,.37037036
1,50,0,0,2,1,0,.79876161
0,38,0,0,6,2,0,.79870129
0,40,0,0,2,2,0,.89930558
0,34,0,0,6,2,0,.79661018
0,32,0,0,1,2,0,.79847908
0,26,0,0,2,2,0,.78260869
0,20,0,1,1,2,0,.52631581
0,29,0,0,1,1,0,.85981309
0,32,0,0,3,2,0,.89928055
1,39,1,0,1,1,0,.79948586
0,19,0,0,1,2,0,.75316453
0,37,0,0,1,2,0,.89855075
0,41,0,0,1,1,0,.58139533
1,38,0,0,2,2,0,.8018018
0,33,0,0,1,2,0,.90163934
0,34.900002,0,0,5,1,0,.90924835
0,38.400002,0,0,2,1,0,1
0,31,0,0,1,1,0,.5076142
0,27,0,1,1,2,0,1
0,39.599998,0,0,1,2,0,1
0,26,0,0,1,1,0,1
0,36.900002,0,0,2,2,0,.91919947
1,31,0,0,6,4,0,1
0,35.299999,0,0,3,2,0,1
0,27.6,0,0,1,1,0,1.0119047
0,31,0,0,1,1,0,.9765625
0,38,0,0,1,3,0,.902439
0,37,0,1,1,3,0,.80000001
0,36,0,0,2,2,0,.94999999
0,35,0,0,1,2,0,.91683608
0,36,0,0,1,2,0,.91666669
0,39.599998,0,0,1,1,0,1
0,36,0,0,2,2,0,.8888889
0,36,0,0,1,2,0,.83108109
0,27,0,0,1,1,0,.5
0,31,0,0,1,1,0,.80263156
0,34,0,0,1,2,0,.80000001
0,29,0,0,6,2,0,.89999998
0,42,0,0,1,1,0,.7758621
1,300,0,1,1,3,0,.5714286
0,33,0,1,1,2,0,.90399998
0,32,0,0,1,2,0,.89999998
1,30,0,0,6,2,0,.80000001
0,29,0,0,1,2,0,.94444442
0,28,0,0,2,2,0,.94444442
0,37,1,0,2,2,0,.94890511
0,37,0,0,1,2,0,.84302324
0,19,0,0,2,2,0,.43165466
0,36,0,0,1,2,0,.54945058
0,83,0,0,3,2,0,.72857141
0,29,0,0,1,2,0,.40625
0,37,1,0,3,2,0,.89999998
0,21,0,0,2,2,0,.55555558
0,21,0,0,1,2,0,.55555558
0,29,0,0,2,2,0,.33898306
0,21,0,0,5,2,0,.95294118
0,42,0,0,2,2,0,.80000001
0,22,0,0,1,2,0,.69142854
0,27,0,0,2,2,0,.70279932
0,43,1,0,1,2,0,.95238096
1,37,0,0,6,2,1,.89677417
0,29,0,0,4,2,0,.94999999
0,17,0,0,1,2,0,.3119266
0,34,0,0,5,2,0,.90131581
0,16,0,0,1,2,0,.33582088
0,13,0,0,2,2,0,.5
0,31,0,0,2,1,0,.62857145
0,23,0,1,5,2,0,.74137932
0,20,0,0,2,1,0,.80106807
0,21,0,0,2,2,0,.30303031
0,24,0,0,2,1,0,.80000001
0,22,0,0,1,2,0,.51351351
0,25,0,0,3,2,0,.58823532
0,34,0,0,3,2,0,.89655173
0,40,0,0,2,1,0,.52631581
0,29,0,0,2,1,0,.67647058
0,29,0,0,2,2,0,.80000001
0,14,1,0,1,2,0,.28985506
0,41,0,0,1,2,0,1
0,37,1,0,1,2,0,.86956519
0,43,1,0,5,2,0,.95238096
0,26,0,0,1,2,0,.90285712
0,23,0,0,5,2,0,.95294118
0,21.700001,0,0,1,1,0,.79310346
0,37,0,0,1,2,0,.75062549
0,33.200001,0,0,6,2,0,.89999998
0,30,0,1,2,1,0,.80000001
0,37.099998,0,0,6,2,0,.7037037
0,35,0,0,1,2,0,.89999998
0,17,0,0,1,2,0,.77777779
0,26.18,0,0,6,2,0,.90769231
0,21.9,0,0,5,2,0,.78014183
0,34.799999,0,0,4,2,0,.80000001
0,36,0,0,6,2,0,.65913373
0,43,0,0,1,1,0,.53741497
0,27,0,0,3,1,0,.19759451
0,36,0,0,5,1,0,.95172411
0,27,0,0,5,2,0,.67625898
0,31,1,0,2,1,0,.95238096
0,35,0,0,1,2,0,.90697676
0,36,0,0,6,2,0,.89999998
0,26,0,1,6,2,0,.42857143
0,36,0,0,1,2,0,1.051282
0,32,0,0,1,2,0,.8742857
0,28,0,0,1,2,0,.92903227
0,34,0,0,1,1,0,.80165291
0,25,0,0,1,2,0,.61363637
1,35,0,0,1,2,0,1.1271186
0,12,0,1,1,1,0,1
0,33,0,0,1,1,0,.61363637
0,26,0,0,1,2,0,.80263156
0,20,0,0,1,2,0,.71518987
0,31,0,0,1,2,0,.95327103
1,20,0,0,6,2,0,.79310346
0,37,0,0,1,2,0,1.1408451
0,31,0,0,1,1,0,.29714286
0,38,0,0,1,2,0,.625
0,29,0,1,1,1,0,.5
0,35,0,0,1,1,0,.94915253
0,40,0,0,1,1,0,.89930558
0,34,0,0,1,2,0,.92024541
0,33,1,1,1,1,0,.42258066
0,31,0,0,1,1,0,.76326531
0,41,0,0,1,2,0,1.25
1,24,0,0,3,1,0,.50684929
0,24,0,0,1,2,0,.79452056
0,38,1,0,6,1,0,.7972973
0,33,0,0,2,2,0,.92432433
0,32,0,0,1,1,0,.6979866
0,37,0,0,1,2,0,.95031059
0,38,0,0,2,1,0,.48205128
0,31,0,0,2,2,0,.79746836
1,31,1,0,6,2,0,.63157892
0,35,0,0,1,2,0,.94771242
0,31,0,0,1,1,0,.79452056
0,24,0,0,1,2,0,.2739726
0,35,0,0,1,2,0,.80000001
0,37,0,0,1,2,0,.80000001
0,30,0,0,1,2,0,.94999999
0,31,0,0,1,2,0,.9285714
0,17,0,0,1,1,0,.2519685
0,37,1,0,1,2,0,.7473684
1,24,0,0,1,2,0,.75342464
1,35,0,0,1,1,0,.14754099
1,35,0,0,2,1,0,.75409836
0,32,0,0,5,2,0,.79746836
0,33,0,0,1,2,0,.85207099
0,35,0,0,1,1,0,.80079681
1,39,0,0,6,1,0,.94736844
0,28,0,0,6,2,0,.67272729
1,40,0,0,6,2,0,.89944136
0,47,1,1,1,1,0,.31592688
0,38,0,0,1,2,0,.80000001
0,39,0,0,6,3,0,.89999998
0,32,0,0,6,2,0,.90434784
0,37,0,1,6,1,0,.46585366
0,49,0,0,1,1,0,.2037037
0,17,0,1,1,1,0,.80116957
0,33,0,0,1,2,0,.58441556
0,33,1,1,5,2,0,.33962265
0,27,0,0,1,2,0,.80000001
0,32,0,0,5,1,0,1.1052631
0,35,0,0,1,1,0,.92830187
0,33,0,0,1,2,0,.80239522
0,29,0,1,1,2,0,.80000001
0,32,0,0,1,2,0,.80000001
0,37,0,0,1,2,0,.89534885
0,26,0,0,1,2,0,.90155441
0,35,0,0,1,2,0,.90344828
0,26,0,0,1,2,0,.91612905
0,31,0,0,1,2,0,.7987805
0,35,0,0,1,2,0,.80000001
1,55,1,0,2,2,0,.90303028
0,31,0,0,1,2,0,.77397263
0,24,0,0,2,1,0,.54545456
0,34,0,1,1,2,0,.80128205
1,30,1,0,6,2,0,.90285712
0,33,0,1,1,1,0,.80000001
1,37,0,0,3,2,0,.89922482
0,25,0,0,1,2,0,.80272108
0,29,0,1,1,1,0,.78512394
0,32,0,0,2,1,0,.89403975
0,36,0,0,2,1,0,.80000001
0,24,0,0,1,1,0,.80000001
0,10,0,0,1,1,0,.90810812
0,34,0,0,1,2,0,.90277779
0,43,0,0,2,3,0,1.2
0,39,0,1,1,2,0,.97560978
0,31,0,0,2,2,0,.79856116
0,37,0,0,2,2,0,.85161293
0,31,0,0,1,1,0,.5970149
0,37,0,0,2,1,0,.50475913
0,24,0,1,1,2,0,1.8333334
0,37,0,0,1,1,0,.69230771
0,35,0,0,1,2,0,1
0,29,0,1,2,1,0,.94594592
0,29,0,0,2,1,0,.37362638
0,7,0,1,1,1,0,.91636366
0,36,0,0,1,2,0,.80000001
0,25,0,0,1,1,0,1.6470588
0,21,0,1,1,2,0,.7037037
0,13,0,0,2,1,0,.53571427
0,34,0,0,2,4,0,1
0,39,0,0,2,1,0,.9130435
0,30,0,0,2,2,0,.68728524
0,29,0,0,1,2,0,1
0,17,0,0,1,1,0,.52132702
0,37,0,0,1,2,0,1.4880953
1,44,0,1,2,2,0,.82123893
0,37,0,0,5,1,0,.80000001
0,25,0,0,1,1,0,.78125
0,26,0,0,2,2,0,.9951846
1,75,0,0,1,2,0,1
0,17.5,0,0,1,2,0,.60000002
0,18,0,0,1,2,0,1.0555556
0,35,0,1,1,1,0,.52525252
0,27.6,1,0,1,2,0,1
1,28,0,0,1,2,0,.94623655
0,33,1,0,5,2,0,.81102359
0,18,0,0,4,2,0,.57894737
0,48,1,1,2,2,0,.52380955
0,19,0,0,4,2,0,.87155962
0,40,1,0,5,2,0,.88695651
0,55,0,0,3,2,0,.57471263
0,39,1,0,4,2,0,.8037383
1,69.199997,0,1,5,2,0,.80000001
0,40.599998,0,0,1,1,0,1.14
1,41.200001,0,0,1,2,0,1.0006762
1,30,0,0,2,2,0,.94814813
0,34.799999,0,0,1,2,0,.79574466
0,32.5,0,0,1,1,0,.90344828
0,35.900002,1,0,3,1,0,.80000001
0,30,0,0,2,2,0,.90370369
0,26.700001,0,0,1,2,0,.80000001
0,33,0,0,1,2,0,.79611653
0,30.5,0,0,5,1,0,.79918033
0,32,0,1,1,2,0,.89726025
0,37,0,0,1,2,0,.94871795
0,24.4,0,1,1,2,0,.75
0,32.400002,0,0,1,1,0,.75757575
1,35,1,0,6,2,0,.90123457
0,38,0,0,2,2,0,.87619048
0,24,0,0,1,2,0,.90212768
0,31.200001,0,0,1,2,0,.76111114
0,32,0,0,1,2,0,.68148148
0,36,0,0,2,2,0,.8018018
0,17.6,0,1,2,2,0,.77523011
0,31,0,1,1,2,0,.80303031
0,27,0,0,1,2,0,.80000001
1,30,0,0,6,2,0,.5
1,41,0,0,2,1,0,.90052354
0,19,0,0,1,2,0,.41176471
0,20,0,0,6,1,0,.51944447
0,40,0,0,1,1,0,.67796612
0,32,0,0,2,2,0,.79870129
0,35,0,1,5,1,0,.7402299
0,37,0,0,2,2,0,.71322435
0,35,0,0,1,1,0,.94454294
0,33,0,0,1,1,0,.71111113
0,15,0,1,1,2,0,.67796612
0,34,0,0,1,1,0,.55304337
0,27,0,1,1,1,0,.80000001
0,34,1,0,5,1,0,.80000001
0,30,0,0,2,1,0,.94522023
0,32,0,0,1,2,0,.80000001
0,128,0,1,1,1,0,.71428573
0,28,0,0,2,1,0,.80000001
0,24,0,1,1,1,0,.7037037
0,24,1,0,1,2,0,.80000001
0,38,0,0,1,1,0,1.2894737
0,32,1,0,1,2,0,.89999998
0,35,0,0,2,2,0,.86363637
0,25,0,0,1,2,0,1.1875
0,44,0,0,1,1,0,.5
0,12,0,0,2,2,0,.33333334
0,21,0,0,1,1,0,1
0,24,0,1,1,1,0,.73333335
0,36,0,0,1,1,0,.59183675
0,32,0,0,2,2,0,.69629627
0,42,0,1,2,3,0,.6769231
0,37,0,1,1,1,0,.60714287
0,33,0,1,3,4,0,.66785717
0,27,0,0,1,1,0,.5
0,30,0,0,1,1,0,.75949365
0,48,0,1,3,1,0,.80225986
0,19,0,0,1,2,0,.7972973
0,19,0,0,1,2,0,.64102566
0,31,0,0,1,1,0,.72368419
0,36,0,0,6,2,0,.79870129
0,21,0,0,5,1,0,.4375
0,33,0,0,1,1,0,.52272725
0,36,0,0,1,2,0,.7352941
0,37,0,0,6,2,0,.80000001
0,35,0,0,2,1,0,.77380955
0,42,0,0,1,2,0,.8046875
0,34,0,0,6,2,0,.8740741
0,24,0,0,1,1,0,.79870129
0,38,0,0,1,2,0,.89795917
0,38,0,0,1,2,0,.28368795
0,18,0,1,2,2,0,.7962963
0,34,0,1,5,1,0,.80000001
0,33,0,0,1,2,0,.92307693
0,25,0,0,6,2,0,.90151513
0,38,1,0,6,2,0,.91549295
0,35,0,1,1,1,0,.79768789
0,38,0,0,1,2,0,.80000001
0,37,0,1,6,2,0,.60000002
0,38,0,0,6,2,0,.75
0,36,0,0,2,1,0,.65686274
0,34,0,0,1,2,0,.92253524
0,36,0,0,1,2,0,.63636363
0,23,0,0,1,1,0,.5925926
0,30,0,0,1,2,0,.87142855
0,29,0,0,1,1,0,.72480619
0,39,0,0,5,1,0,.64625853
1,36,0,0,6,2,0,.94827586
0,28,0,0,1,1,0,.80000001
0,38,0,0,1,2,0,.90399998
0,26,0,1,5,1,0,.53475934
0,44,1,0,5,1,0,.95200002
0,34,1,0,6,2,0,.7368421
0,34,0,0,5,2,0,.94999999
0,38,0,0,6,2,0,.80000001
0,38,0,0,6,4,0,.57499999
0,35,0,0,1,1,0,.95200002
1,16,0,0,6,2,0,.80000001
0,31,0,0,6,2,0,.97297299
0,36,0,0,5,2,0,.47058824
0,31,0,1,5,2,0,.92592591
1,45,0,0,1,2,0,.66666669
0,39,0,0,1,2,0,.625
1,20,0,0,6,3,0,.80000001
0,24,0,0,4,2,0,.78260869
0,45,0,0,2,2,0,.74285716
0,61,0,0,1,1,0,.80000001
0,27,0,0,1,2,0,.89847714
0,55,0,0,3,4,0,.5106383
0,32,0,0,3,2,0,.921875
0,17,0,0,1,1,0,.80000001
1,47,0,0,3,1,0,.8035714
0,14,0,1,1,1,0,.70175439
0,38,0,0,1,2,0,.85000002
0,31,0,1,1,2,0,.79617834
0,53,0,0,1,1,0,.70175439
0,26,0,0,1,1,0,.80000001
0,20,0,0,3,1,0,.89999998
0,33,0,1,1,2,0,.80000001
0,20,0,1,1,2,0,1
0,52,0,0,3,1,0,1.1764706
0,33,0,0,1,2,0,.90322578
0,19,0,0,2,2,0,.89655173
0,29.4,0,0,1,2,0,.90196079
1,29.299999,0,0,1,2,0,.84848487
0,33.700001,0,0,2,1,0,.35714287
0,20.1,0,0,2,1,0,.30769232
0,26.4,0,0,2,1,0,.40000001
0,27.969999,0,0,2,2,0,.89999998
0,44,0,0,1,1,0,.80090499
0,26.73,0,0,1,1,0,.80000001
0,41,0,0,1,2,0,.72368419
0,28.440001,0,0,1,1,0,.35606059
0,30,0,0,2,2,0,.2
0,27,0,0,6,2,0,.34090909
0,33.27,0,0,6,2,0,.79870129
0,30.73,0,0,1,2,0,.80000001
0,36.610001,0,0,6,2,0,.89999998
0,43.91,0,0,6,1,0,.8017621
1,12,0,0,3,2,0,.79545456
0,36,0,0,2,1,0,.75675678
1,41,0,0,5,1,0,.80000001
0,33,0,0,1,1,0,.40000001
0,38,0,1,1,2,0,.80000001
0,32,0,0,1,2,0,.75
1,32,0,1,6,2,0,.90285712
0,36.5,0,0,2,2,0,.80000001
0,28,0,0,2,1,0,.68275863
0,35,0,0,2,1,0,.51948053
0,23.1,0,0,1,1,0,.17910448
0,31,0,0,1,2,0,.54128438
0,11.4,0,0,1,1,0,.54495913
0,30,0,0,2,1,0,.49163181
0,28.700001,0,1,1,2,0,.729927
0,43,0,0,1,2,0,.89108908
0,35,0,0,1,2,0,.89999998
0,33,0,0,1,2,0,1
0,42,0,0,2,2,0,1
0,50,0,0,1,2,0,1
0,40,0,0,1,1,0,1
0,38,0,0,2,2,0,.75
0,33,0,0,1,2,0,.80141842
0,22,0,0,1,2,0,.90151513
0,38,0,0,2,1,0,1
0,38,0,0,1,2,0,.59183675
0,38,0,0,1,1,0,.58823532
0,38,0,0,5,4,0,.78918916
0,38,0,0,1,2,0,.80000001
0,38,0,1,2,1,0,1
1,38,0,0,3,1,0,1
0,38,1,0,3,2,0,.75999999
0,38,0,0,2,1,0,.77333331
0,23,0,0,1,2,0,.000050000031
0,26,0,0,1,2,0,.4074074
0,15,0,0,1,2,0,.69767439
0,17,0,0,1,1,0,.00011500008
0,28,0,0,1,1,0,.0001590001
1,30,0,0,1,2,0,.80000001
0,30,0,0,1,1,0,.64285713
0,17,0,0,1,1,0,.79365081
0,38,0,0,1,2,0,.45791245
1,37,0,0,6,2,0,.81967211
0,35,0,0,1,2,0,.86046511
0,57.700001,0,0,1,1,0,.80000001
0,37,0,0,1,1,0,.89999998
0,36.700001,0,1,6,1,0,.80000001
0,48.700001,0,0,1,1,0,.75757575
0,39.900002,0,0,1,1,0,.36153847
0,36.200001,0,0,1,2,0,.90135396
0,42,0,0,1,1,0,.75068492
0,43.099998,0,0,1,2,0,.67193675
0,36,0,0,1,1,0,.49142858
0,37,0,0,5,2,0,.9285714
0,34,0,0,1,2,0,.80000001
0,30,0,0,1,2,0,.92356688
0,38,0,0,3,1,0,.5714286
0,38,0,0,5,2,0,.75
0,32,0,0,5,2,0,.89552242
0,25,0,0,1,2,0,.74074072
0,27,1,0,1,2,0,.75155282
0,40,0,0,6,2,0,.57894737
0,36,0,0,5,2,0,.79850745
0,32,0,0,5,2,0,.953125
0,38,0,0,1,2,0,.74814814
0,27,0,0,6,2,0,.89999998
0,30,0,0,2,1,0,.60077518
0,33,0,0,1,2,0,.79746836
0,28,0,0,1,2,0,.80000001
0,29,0,0,5,2,0,.89999998
0,32,0,0,1,1,0,.5
0,31,1,0,5,2,0,.80000001
0,39,0,0,1,1,0,.74683547
0,32.040001,0,1,5,2,0,.75102043
0,36.689999,0,1,2,2,0,.70802921
0,40.990002,0,1,1,2,0,.75333333
0,26,0,0,6,2,0,.95454544
0,39,1,0,1,2,0,.79838711
0,10.62,1,0,2,2,0,.61538464
0,32,0,0,2,2,0,.80314958
0,36,0,0,1,1,0,.5
0,38,1,0,6,2,0,.89999998
0,28,0,1,5,2,0,.80000001
0,38,0,0,5,2,0,.80000001
1,31,0,1,5,2,0,.71923077
0,35,0,0,1,2,0,.90909094
0,16,0,1,4,3,0,.48076922
0,33,0,0,1,2,0,.67123288
1,39,0,0,6,2,0,.89622641
0,26,0,0,1,1,0,.51739132
0,36,0,0,2,2,0,.75
0,34,0,0,1,2,0,.77973568
0,36,0,0,1,1,0,.67812145
0,33,0,0,1,2,0,.70007783
0,36,0,0,3,1,0,1.3468547
0,37,0,0,1,2,0,.7386505
0,22,0,0,1,2,0,.79944384
0,34,0,0,2,1,0,.80000001
0,34,0,0,1,1,0,.72639227
0,40,0,0,5,2,0,.920708
0,10,0,1,1,1,0,.51232874
0,40,0,0,1,2,0,.92158031
0,28,0,0,1,1,0,.52830189
0,36,0,0,1,2,0,.92372882
0,39,1,0,1,2,0,.94999999
0,22,0,0,3,1,0,.69856459
0,36,0,0,1,2,0,.90491802
0,34,0,0,1,1,0,.91672051
0,32,0,0,1,2,0,.80000001
0,39,0,0,2,1,0,.80000001
1,31,0,0,1,2,0,.30303031
0,37,0,0,1,1,0,.80000001
0,42,0,0,1,1,0,.92428195
0,27,1,0,6,2,0,.87272727
0,37,0,0,1,1,0,.94999999
0,32,0,0,1,2,0,.8019802
0,29,1,1,1,2,0,.90270269
0,37,0,0,2,2,0,.89999998
0,36,0,0,6,2,0,.62831861
0,36,0,0,1,1,0,.78545457
0,33,0,0,6,2,0,.91364205
1,29,0,1,1,1,0,.68877554
1,26,0,0,4,2,0,.70414203
0,29,1,0,2,2,0,.92198581
0,32,0,0,1,1,0,.54666668
0,21,0,0,1,1,0,.63583815
0,32,0,0,1,1,0,.77611941
0,29,0,0,1,1,0,.75980395
0,36,0,0,1,2,0,.89808917
0,36,0,0,1,1,0,.79888266
0,22,0,0,1,2,0,.69426751
0,25,0,0,1,1,0,.71830988
0,35,0,0,1,2,0,.80000001
0,26,0,0,2,2,0,.80000001
0,33,0,1,2,2,0,.7056604
0,31,0,0,5,2,0,.9520548
0,34,0,0,2,1,0,.54054052
0,30,0,0,5,1,0,.48104957
0,33,0,0,1,1,0,.55102038
0,39,0,0,1,1,0,.89999998
0,36,0,0,5,2,0,.94736844
0,28,0,0,1,1,0,.75
0,26,0,0,1,2,0,.8974359
0,35,1,0,1,2,0,.92086333
0,29,0,0,5,2,0,.68354428
0,34,0,0,2,2,0,.79545456
0,30,0,0,5,2,0,.80000001
0,25,0,0,2,2,0,.28
0,28,0,0,1,1,0,.7758621
0,36,0,0,2,2,0,.94949496
0,35,0,0,2,2,0,.89915967
0,31,0,0,1,1,0,.75897437
0,26,0,0,3,1,0,.66666669
0,27,0,0,1,2,0,.95098037
0,32,1,0,1,1,0,.65656567
0,31,0,0,2,2,0,.76923078
0,38,0,0,1,1,0,.88690478
0,27,0,0,1,2,0,.79754603
0,27,0,0,3,2,0,.90070921
0,23,0,1,2,1,0,.89887643
0,33,0,0,1,1,0,.89999998
0,30,0,0,1,2,0,.80000001
0,37,0,0,1,2,0,.68965518
0,35,0,0,1,2,0,.89999998
0,30,0,0,1,2,0,.79545456
1,69,0,0,1,3,0,.60747665
0,24,0,1,1,2,0,.52870089
0,25,0,0,1,2,0,.77272725
0,27,0,0,1,2,0,.7473684
0,29,0,0,1,2,0,.79699248
0,34,0,0,1,2,0,.89999998
0,33,0,0,1,2,0,.80213904
0,50,0,0,1,2,0,.80152673
0,42,0,0,1,2,0,.95454544
0,32,0,0,1,2,0,.95575219
0,44,0,0,1,1,0,.46153846
0,38,1,0,1,1,0,.60526317
0,34,0,0,2,2,0,.70520234
0,30,1,0,1,2,0,.80132449
0,39,1,0,6,2,0,.80208331
0,28,0,1,2,2,0,.80000001
0,32,0,0,1,2,0,.90476191
0,41,0,0,2,2,0,.80000001
0,47,0,0,2,2,0,.94936711
0,35,1,0,6,2,0,.8369565
0,32,0,0,6,2,0,.74800003
0,29,0,0,1,2,0,.63636363
0,32,1,0,1,2,0,.80208331
0,25,0,0,1,2,0,.80165291
0,34,0,1,1,1,0,.80000001
0,36,0,0,2,2,0,.75999999
0,33,0,0,6,2,0,.80434781
0,25,1,0,1,2,0,.80000001
0,25,0,0,1,2,0,.61240309
0,27,0,0,5,2,0,.80141842
0,25,0,0,5,2,0,.78947371
0,23,0,1,1,2,0,.80000001
0,19,0,0,1,2,0,.625
0,25,0,1,1,3,0,.80000001
0,26,0,0,1,2,0,.75
0,18,0,0,1,1,0,.89600003
0,34,0,0,1,1,0,.89999998
0,36,0,0,1,2,0,.80419582
0,26,0,0,2,2,0,.90566039
0,38,0,0,1,2,0,.53703701
0,40,0,0,1,1,0,.72727275
0,30,0,0,1,2,0,.84615386
0,22,0,1,1,1,0,.80000001
0,19,0,0,2,1,0,.80291969
0,39,0,0,4,2,0,.9055118
0,27,0,0,1,2,0,.23529412
0,36,0,0,1,2,0,.89999998
0,27,0,0,1,1,0,.80281693
0,33,0,0,1,2,0,.95789474
0,32,1,0,4,2,0,.75
0,40,0,0,1,1,0,.70059878
0,36,0,0,1,1,0,.60869563
0,31,0,0,1,1,0,.69776118
0,10,0,0,1,2,0,.71428573
0,27,0,0,3,1,0,.7368421
0,27,0,0,1,1,0,.74698794
0,37,0,0,1,2,0,.75652176
0,39,0,0,2,2,0,.95348835
0,32,0,1,1,1,0,.65306121
0,38,0,0,1,1,0,.80124223
0,37,0,0,1,1,0,.719697
0,34,0,0,1,2,0,.80000001
0,39,0,0,1,1,0,.76734692
0,31,0,0,1,2,0,.75652176
0,35,0,0,1,2,0,.86554623
0,30,0,0,3,2,0,.67901236
0,27,0,0,1,2,0,.90361446
0,25,1,0,1,2,0,.79041916
0,37,0,0,2,1,0,.90625
0,34,0,1,1,1,0,.52631581
0,36,0,0,2,2,0,.94791669
0,33,1,0,6,2,0,.96153843
0,38,1,0,2,2,0,.90370369
0,31,1,0,1,2,0,.79487181
0,30,0,0,5,2,0,.76146787
0,28,0,1,1,2,0,.62068963
0,31,1,1,2,1,0,.80128205
0,31,0,0,1,2,0,.8888889
0,38,1,0,5,2,0,.96341461
0,34,0,0,5,2,0,.8888889
0,27,0,0,1,2,0,.5109489
0,28,1,0,1,2,0,.79347825
0,24,0,1,1,2,0,.11013216
0,28,0,0,6,2,0,.80000001
0,31,0,0,5,2,0,.796875
0,21,0,0,2,2,0,.14545454
0,34,0,1,1,2,0,.69473684
0,20,0,0,1,2,0,.66666669
0,32,1,0,3,1,0,.71962619
0,40,0,0,1,2,0,.86428571
0,28,0,0,4,2,0,.80487806
0,31,0,0,1,2,0,.95789474
0,31,0,0,1,2,0,.49504951
0,35,0,0,2,2,0,.65384614
0,37,0,0,1,2,0,.902834
0,32,0,1,1,2,0,.75141245
0,34,0,0,1,1,0,.80000001
0,34,1,0,1,1,0,.75076926
0,33,0,0,6,2,0,.75384617
0,22,1,0,2,2,0,.95384616
0,37,0,0,1,2,0,.95999998
0,49,0,0,1,2,0,.80000001
0,36,1,0,1,2,0,.75199997
0,36,0,0,2,2,0,.95999998
0,34,0,0,1,2,0,.28037384
0,33,1,0,1,2,0,.96551722
0,28,1,0,1,2,0,.94999999
0,33,0,0,2,2,0,.75384617
0,33,0,0,6,2,0,.75221241
0,36,0,0,1,2,0,.94999999
0,35,0,0,1,2,0,.79069769
0,37,1,0,4,2,0,.96363634
0,32,0,0,1,1,0,.75199997
0,29,0,0,1,2,0,.80303031
0,27,0,0,1,2,0,.80794704
0,39,0,0,1,2,0,.80232561
0,42,1,0,1,2,0,.95555556
0,31,0,0,1,2,0,.80701756
0,35,1,0,1,2,0,.96629214
0,29,1,0,4,2,0,.94736844
0,29,0,0,1,2,0,.66666669
0,28,0,0,2,2,0,.74900401
0,33,0,0,1,2,0,.8067227
0,43,0,0,1,2,0,.95726496
0,31,0,0,1,2,0,.90476191
0,26,0,0,6,1,0,.55555558
0,34,1,0,2,2,0,.94999999
0,49,0,0,5,1,0,.56291389
0,30,0,0,5,2,0,.64705884
0,33,0,0,1,2,0,.65789473
0,31,0,0,4,2,0,.57894737
0,45,1,0,1,2,0,.94999999
0,23,1,0,4,2,0,.96202534
0,11,0,1,1,2,0,.79069769
0,37,0,0,1,2,0,.70731705
0,24,0,1,5,2,0,.80000001
0,19,0,0,1,2,0,.48882681
0,26,0,0,1,1,0,.79699248
0,33,0,0,2,1,0,.54545456
0,27,0,0,1,1,0,.37931034
0,28,0,1,1,1,0,.60377359
0,37,0,0,2,2,0,.70212764
0,28,0,1,6,1,0,.46666667
0,42,0,0,1,2,0,.80530971
0,39,0,0,1,1,0,.79934746
0,26,0,0,1,1,0,.67058825
0,33,0,0,1,1,0,.80000001
0,36,0,0,2,2,0,.902439
0,33,0,0,1,2,0,.77777779
0,47,0,1,1,2,0,.75
0,57,0,1,1,1,0,.80000001
0,36,0,0,5,2,0,.79738563
0,35,1,0,6,2,0,.96202534
0,20,0,1,1,2,0,.61842108
0,11,0,1,1,1,0,.60606062
0,37,0,0,5,2,0,.88571429
0,16,0,0,1,2,0,.80000001
0,30,1,0,1,2,0,.94999999
0,35,0,1,1,2,0,.69999999
0,32,1,0,6,2,0,.9512195
0,33,0,0,5,2,0,.743083
0,13,0,0,2,2,0,.703125
0,31,1,0,6,2,0,.88484848
0,27,0,0,1,2,0,.85294116
0,56,0,1,1,1,0,.80000001
0,31,1,0,1,2,0,.9518072
0,31,0,0,1,1,0,.69999999
0,34,1,0,1,2,0,.89999998
0,28,1,0,2,2,0,.9512195
0,37,0,0,1,2,0,.80000001
0,31,1,0,5,2,0,.75
0,32,0,0,4,2,0,.7368421
0,33,0,0,4,2,0,.90476191
0,25,0,0,1,2,0,.8046875
0,47,0,0,1,2,0,.79954439
0,26,0,0,1,2,0,.90178573
0,32,0,0,1,2,0,.80000001
0,39,0,0,1,2,0,.90370369
0,32,1,0,1,2,0,.95789474
0,25,0,0,5,1,0,.31007752
0,11,0,0,1,2,0,.2857143
0,27,0,0,1,2,0,.80281693
0,31,0,0,1,2,0,3.3214285
0,36,0,0,1,2,0,.87012988
0,24,0,0,3,2,0,.75999999
0,36,0,0,2,2,0,.80000001
0,39,0,0,1,1,0,.75135136
0,35,0,0,2,2,0,.9285714
0,33,1,0,1,2,0,.95999998
0,34,0,0,1,2,0,.73913044
0,51,0,0,2,1,0,.80000001
0,30,0,0,1,2,0,.80000001
0,24,0,0,1,2,0,.74869108
0,30,1,0,1,2,0,.95789474
0,35,0,0,1,1,0,.796875
0,23,0,0,1,2,0,.8101266
0,23,0,0,1,2,0,.76363635
0,36,0,0,1,2,0,.80000001
0,28,0,0,1,2,0,.6837607
0,33,0,0,6,1,0,.8019802
0,31,0,0,6,2,0,.95505619
0,4,0,0,2,1,0,.48913044
0,35,0,0,1,1,0,.60000002
0,22,0,1,2,1,0,.70454544
0,26,0,0,4,2,0,.55555558
0,29,0,1,2,3,0,.80000001
0,31,0,0,1,2,0,.68152869
0,32,0,0,3,1,0,.78827363
0,38,0,0,4,3,0,.80681819
0,34,0,0,2,1,0,.90134531
0,34,0,0,1,1,0,.68363637
0,29,0,0,1,1,0,.47482014
0,31,0,0,1,2,0,.85655737
0,22,0,0,2,1,0,.74468082
0,34,0,0,1,2,0,.67039108
0,31,0,0,1,1,0,.75
0,31,0,0,2,1,0,.66666669
0,23,0,0,1,2,0,.54347825
1,47,0,1,1,1,1,.90188682
1,42,0,0,2,2,0,.90441179
1,39,1,0,4,2,0,.94845361
1,42,0,0,1,2,1,.91358024
1,39,1,0,1,2,0,.76543212
1,33,0,0,1,1,0,.84615386
1,28,0,1,3,1,0,.69536424
1,52,0,0,1,2,0,.80281693
1,7,0,0,1,2,0,.77981651
1,44,1,0,2,2,0,.90434784
1,36,0,0,2,2,0,.88541669
1,42,0,0,2,2,1,.80597013
1,44,1,0,3,2,0,.80555558
1,46,0,1,5,2,0,.80000001
1,47,1,0,5,2,0,.95419848
1,38,1,0,6,2,0,.89999998
1,48,0,0,1,2,0,.88333333
1,28,0,0,1,2,0,.95789474
1,37,1,0,5,2,0,.80208331
1,35,1,0,5,2,1,.94999999
1,40,1,0,2,2,0,.95588237
1,36,0,1,2,2,0,.80536914
1,34,1,0,4,2,0,.80000001
1,45,1,0,6,2,0,.90909094
1,40,0,1,2,2,0,.92485547
1,38,1,0,1,2,0,.80000001
1,18,1,0,6,4,0,.80000001
1,38,0,0,6,1,0,.8952381
1,37,0,0,1,1,0,.89999998
1,16,0,1,5,2,0,.90306121
1,37,0,0,2,2,1,.94999999
1,20,0,0,6,2,0,.68702292
1,32,0,0,1,2,1,.9518072
0,32,0,0,2,2,0,.80104715
0,36,0,0,2,2,0,.92810458
0,34,0,0,1,2,0,.8699187
0,34,0,0,1,2,0,.95151514
0,36,0,0,1,1,0,.63414633
0,19,0,1,1,2,0,.64539009
0,34,0,0,1,2,0,.89610392
0,23,0,0,1,2,0,.72727275
0,14,0,0,1,1,0,.56382978
0,35,0,0,2,2,0,.80000001
1,33,0,0,2,2,1,.89895469
0,18,0,0,1,2,0,.69620252
0,26,0,0,1,2,0,1
1,34,0,0,5,2,0,.89090908
0,26,0,0,1,2,0,.5859375
0,26,0,0,1,2,0,.79844964
0,22,0,0,1,1,0,.64766842
0,29,0,0,1,1,0,.58823532
0,29,0,0,1,2,0,.73333335
0,28,0,1,1,2,0,.80341882
0,25,0,1,1,2,0,.80000001
0,31,0,0,1,2,0,1
0,36,0,0,1,2,0,.84042555
0,24,0,0,1,2,0,.89837396
0,34,0,1,1,2,0,.79781419
0,37,0,0,3,1,0,.79768789
1,34,0,0,5,2,1,.86500001
0,28,0,0,2,1,0,.79761904
0,36,0,0,1,2,0,.80158728
0,36,0,0,5,2,0,.92465752
0,35,0,0,3,2,0,.89759034
0,24,0,0,1,2,0,.46708465
0,38,0,1,2,1,0,.80000001
0,35,0,0,4,2,0,.75829387
0,40,0,0,2,2,0,.79816514
0,40,0,0,2,2,0,.884058
0,36,0,0,5,2,0,.80000001
0,38,0,0,1,1,0,.89903843
0,40,1,0,6,2,0,.89820361
1,44,0,0,6,1,0,.89999998
0,41,1,0,6,2,0,.91724139
1,37,1,0,5,2,0,.80000001
1,33,1,0,5,2,0,.8125
1,39,0,1,4,2,0,.79807693
0,32,0,0,3,2,0,.89999998
1,38,1,0,6,2,0,.80000001
0,21,0,1,2,3,0,.78947371
1,44,0,0,1,2,0,.75
1,19,0,1,1,1,0,.82901555
0,39,0,0,1,2,0,.89999998
0,40,1,0,1,2,0,.90399998
0,44,0,0,1,1,0,.83673471
1,34,1,0,5,2,0,.87969923
0,36,1,0,1,2,0,.80000001
0,27,0,0,1,1,0,.7352941
0,39,0,0,3,2,0,.80000001
0,36,0,0,1,2,0,.89729732
0,37,0,0,2,2,0,.80000001
0,36,1,0,4,2,0,.80132449
0,43,0,0,5,1,0,.51807231
1,39,1,0,1,2,0,.80000001
0,33,0,0,1,2,0,.89999998
0,43,1,0,2,1,0,.89999998
0,34,0,0,2,1,0,.80000001
0,20,1,0,1,2,0,.902439
0,28,0,0,1,2,0,.89999998
1,42,0,0,5,2,0,.89516127
0,39,0,0,1,2,0,.89999998
1,74,1,0,6,2,0,.80000001
0,27,0,0,1,1,0,.56410259
0,24,0,0,5,2,0,.89999998
0,37,0,0,1,1,0,.68269229
1,43,0,0,6,3,0,.75151515
0,34,1,0,6,1,0,.8611111
1,58,1,0,1,2,0,.90222222
0,40,0,0,1,2,0,.80285716
0,42,1,0,6,2,0,.89542484
0,42,1,0,6,2,0,.89542484
1,37,0,1,1,2,0,.79914528
0,39,0,0,1,2,0,.90070921
0,39,0,0,1,2,0,.8974359
0,28,0,0,1,1,0,.89830506
0,34,0,0,1,2,0,.8018868
1,25,0,0,4,2,0,.8974359
0,35,0,1,2,1,0,.80000001
0,33,0,1,5,1,0,.80000001
1,37,0,1,5,2,0,.86842108
1,26,0,0,1,2,0,.89999998
0,24,0,0,1,2,0,.89999998
1,142,0,1,1,1,0,.75454545
1,142,0,1,1,1,0,.75454545
0,39,0,0,1,2,0,.89932889
0,42,0,0,2,2,0,.79838711
1,41,0,0,1,2,0,.89726025
0,37,0,0,2,2,0,.89940828
0,26,0,0,2,2,0,.89510489
1,37,0,0,6,1,0,.7962963
1,43,1,1,4,2,0,.89873415
1,40,0,0,6,2,0,.79411763
0,47,0,0,5,2,0,.75
0,36,0,0,5,2,0,.75
0,34,0,1,1,2,0,.80000001
0,29,1,0,4,2,0,.89999998
0,39,0,0,1,2,0,.89922482
0,31,1,0,5,1,0,.90140843
0,40,0,0,1,2,0,.90399998
0,39,0,0,1,2,0,.89864862
1,41,0,0,5,1,0,.7647059
0,38,0,0,1,2,0,.74757284
0,33,0,0,5,2,0,.69999999
1,39,1,0,5,2,0,.89999998
0,29,0,0,2,2,0,.65333331
0,36,0,0,1,1,0,.64601767
0,36,0,0,5,3,0,.89823008
0,47,0,0,5,1,0,.72580647
0,34,0,0,1,2,0,.80000001
0,36,0,0,1,1,0,.79881656
0,34,0,0,1,2,0,.80000001
1,38,0,0,3,2,0,.89820361
0,38,0,0,6,1,0,.79754603
0,40,0,0,1,2,0,.9222222
1,47,0,0,3,3,0,.80000001
0,35,1,0,1,2,0,.89655173
0,41,0,0,1,2,0,.902439
0,38,1,0,1,2,0,.78651685
0,38,1,0,1,2,0,.80136985
1,29,0,0,1,2,0,.89999998
0,36,0,0,6,4,0,.77011496
0,39,0,0,1,2,0,.89285713
0,41,0,0,1,2,0,.89999998
1,63,0,0,5,2,0,.88709676
0,26,0,0,1,2,0,.89473683
0,28,0,0,6,2,0,.9009009
0,31,1,0,1,2,0,.82352942
0,23,0,0,1,2,0,.89361703
0,42,0,0,1,2,0,.89820361
1,29,1,0,4,2,0,.80000001
0,32,0,0,1,1,0,.80000001
0,35,0,0,2,1,0,.89285713
0,43,0,0,2,1,0,.79292929
0,41,0,0,5,2,0,.90285712
0,37,0,0,1,2,0,.75
0,39,0,1,1,1,0,.80038023
1,46,0,0,5,2,0,.89999998
0,38,0,0,1,2,0,.9029851
0,33,0,0,1,2,0,.5
0,34,0,0,2,3,0,.65727699
1,27,0,0,1,2,0,.80000001
0,36,0,1,5,1,0,.80000001
0,37,0,0,1,2,0,.79695433
0,25,0,0,1,2,0,.72549021
0,35,0,0,1,1,0,.76288658
0,26,0,0,1,2,0,.51724136
0,34,0,0,1,1,0,.94814813
0,33.099998,0,0,3,2,0,.89622641
0,37.5,0,0,1,1,0,.92436975
0,23.43,0,0,1,2,0,.77889448
0,39.200001,0,0,1,2,0,.89999998
0,34.849998,0,0,1,2,0,.49863014
0,26.1,0,0,2,1,0,.52857143
1,32.200001,0,0,6,2,0,.95294118
0,21.700001,0,0,1,2,0,.75301206
0,12.6,0,0,1,1,0,.27272728
0,31.299999,0,0,3,1,0,.74000001
0,32.400002,0,0,1,1,0,.88732392
0,38.099998,1,0,1,1,0,.90322578
0,35,0,0,1,2,0,.80000001
0,9.8999996,0,0,2,1,0,.65614033
0,21.9,0,0,1,2,0,.80487806
0,38.599998,0,0,1,1,1,.8017621
0,36.200001,0,0,2,3,0,.90229887
0,29.700001,0,0,2,1,0,.69776118
0,39.900002,0,0,1,3,0,.45652175
0,28.700001,0,0,1,2,0,.94904459
0,35.599998,0,0,2,2,0,.7962963
0,34.700001,0,0,1,2,0,.70043778
0,30.5,0,0,2,2,0,.95454544
0,29.6,0,0,1,1,0,.54202896
0,37.299999,0,0,1,2,0,.80000001
0,23.6,0,0,1,1,0,.79574466
0,33.400002,0,0,3,1,0,.89887643
0,31.1,0,0,2,1,0,.80000001
0,14.3,0,0,1,1,0,.087719299
0,29.299999,0,0,1,1,0,.80000001
0,19.299999,0,0,1,2,0,.55855858
0,35.48,0,0,6,2,0,.68965518
0,34.099998,0,0,1,2,0,.89984345
0,37.099998,0,0,1,2,0,.89965397
0,34,0,1,3,2,0,.89935756
0,32.880001,1,0,1,2,0,.90322578
0,35.200001,0,0,1,2,0,.80000001
0,31.51,0,0,1,2,0,.62068963
0,34.959999,0,0,1,2,0,.80088496
0,34.5,0,0,2,2,0,.90350878
0,30.1,0,0,6,2,0,.89999998
0,33.700001,0,0,1,2,0,.95348835
0,31.1,0,0,1,2,0,.80291969
0,37.77,0,0,6,2,0,.80080748
0,32.099998,0,0,5,2,0,.80000001
0,35.810001,0,0,2,2,0,.90277779
0,32.700001,0,0,2,1,0,.74853802
0,36.400002,0,0,1,1,0,.89949751
0,31.49,0,0,6,2,0,.80246913
1,44.200001,0,0,6,1,0,.89808917
0,35.799999,0,0,5,2,0,.90399998
0,32.400002,0,0,5,1,0,.71462601
0,38.400002,0,0,1,2,0,.91935486
0,38.700001,0,0,3,2,0,.69204152
0,36.139999,0,0,1,2,0,.6928407
0,33.599998,0,0,1,2,0,.80000001
0,34.720001,0,0,2,1,0,.75999999
0,22,0,1,1,2,0,.8007279
0,31.719999,0,0,1,1,0,.50561798
1,51.799999,1,0,1,2,1,.80000001
0,30.879999,0,0,1,2,0,.89999998
0,32.950001,0,0,6,1,0,.46808511
0,32.799999,0,1,1,2,0,.90047395
0,36,0,0,5,1,0,.64864862
0,31.4,0,0,6,2,0,.95333332
0,38.799999,0,0,1,1,0,.80733943
0,37.099998,0,0,2,2,0,.90209788
0,34.5,0,0,1,2,0,.90140843
0,37,0,0,1,2,0,.75
0,32.290001,0,0,1,2,0,.89999998
1,36.700001,1,0,6,3,0,.67058825
0,29.799999,0,0,5,2,0,.89999998
0,36.599998,0,0,5,1,0,.79787236
0,28.9,0,0,1,1,0,.80190933
0,37.099998,0,1,3,1,0,.80000001
0,32,0,0,4,2,0,.94856381
0,30.9,0,0,1,2,0,.87096775
0,35.400002,0,0,6,1,0,.84864867
0,38.900002,0,0,5,1,0,.94890511
0,30.799999,0,0,6,2,0,.8041237
0,35.599998,0,0,6,1,0,.57297295
0,31.700001,0,0,3,1,0,.60799998
0,28.200001,0,0,5,1,0,.5
0,29.6,0,0,1,2,0,.90169489
0,36.799999,0,0,1,2,0,.89779001
0,36,0,0,1,2,0,.89898992
0,29.5,0,0,1,2,0,.75294119
0,29.559999,0,0,4,3,0,.5925926
0,36.099998,0,0,1,2,0,.7478261
0,27.9,0,0,5,2,0,.7361111
0,29.299999,1,0,1,2,0,.80000001
0,37.259998,0,0,5,2,0,.75
0,27.75,0,0,4,2,0,.80000001
0,37.310001,0,0,6,2,0,.95319152
1,18.4,1,0,2,2,0,.89912283
0,32.060001,0,0,1,1,0,.8865248
0,36.5,0,0,1,2,0,.80303031
0,37,0,0,3,1,0,.798419
0,31.9,0,0,6,1,0,.65587044
0,30.65,0,0,1,2,0,1.0030091
0,33.599998,0,0,6,2,0,.80063623
0,36.400002,0,0,5,2,0,.95238096
0,30.200001,0,0,5,2,0,.89999998
0,35.27,0,0,6,2,0,.89795917
0,41.470001,0,0,5,2,0,.95067263
0,15.6,0,0,1,1,0,.49808428
0,27.9,0,0,1,2,0,.94782609
0,39.599998,0,0,1,1,0,.8611111
0,37.669998,0,0,1,2,0,.80327868
0,34.099998,0,0,1,2,0,.902439
0,15.53,0,0,2,2,0,.5945946
0,36.599998,0,0,6,2,0,.89932889
0,37,0,0,1,1,0,.89567965
0,35.700001,0,0,1,2,0,.75308645
0,27.799999,0,0,1,1,0,.60000002
1,33.830002,0,0,6,4,1,.92000002
0,29.9,0,0,1,1,0,.48913044
0,31.1,0,0,1,2,0,.89999998
1,38.5,0,0,5,2,0,.90399998
0,35.900002,1,0,1,2,0,.59071732
0,32.5,0,0,5,2,0,.77083331
0,34.700001,0,0,1,2,0,.90070921
0,32.400002,0,0,1,2,0,.36875001
0,29.700001,0,0,2,2,0,.90140843
0,17.51,0,0,6,2,0,.75309819
0,36.869999,0,0,2,2,0,.80000001
0,32.380001,0,0,1,1,0,.80000001
0,31.059999,0,0,1,1,0,.90344828
0,35.540001,0,0,1,2,0,.95057034
0,31.1,0,0,1,2,0,.80327868
0,36.400002,0,0,1,2,0,.80000001
0,33.799999,0,0,1,2,0,.9054054
0,33.650002,0,0,3,2,0,.89830506
0,22.5,0,0,2,1,0,.85714287
0,32.400002,0,0,1,2,0,.76923078
0,32.369999,0,0,1,2,0,.89795917
0,25,1,0,2,1,0,.8019802
1,36,0,0,1,2,0,.75454545
1,35,0,1,2,1,0,.75
0,35,1,0,1,1,0,.42918456
0,35,0,0,1,2,0,.80000001
0,33.389,0,0,1,1,0,.60000002
0,30.08,0,0,1,2,0,.87719297
1,30.299999,0,0,3,2,0,.67796612
0,34.580002,0,0,2,1,0,.80000001
1,39.799999,0,0,2,1,0,.71604937
1,16.93,0,0,1,1,0,.80000001
0,34.080002,0,0,1,1,0,.88307691
0,36.380001,0,0,2,2,0,.0001520001
1,19.27,0,0,2,1,0,.67706013
0,17.77,0,1,3,1,0,.69230771
0,36,1,1,3,2,0,.80000001
0,32.049999,0,1,1,2,0,.61904764
0,44,0,0,1,1,0,.80341882
0,29.209999,0,0,1,2,0,.90196079
0,39.5,0,0,2,2,0,.74666667
1,37,0,0,2,1,0,.83333331
1,44,1,0,6,2,0,.89873415
1,37,1,0,6,2,0,.50400001
0,29.389999,1,0,5,2,0,.79444444
0,44.470001,0,0,2,1,0,.86538464
0,35,0,0,1,2,0,.7977528
0,35.900002,0,1,6,2,0,.80000001
0,39,0,0,1,1,0,.79876161
0,34,0,1,1,2,0,.89999998
0,39.360001,0,0,1,2,0,.79874212
0,31,0,0,4,2,0,.90303028
0,30.16,0,0,1,2,0,.79518074
0,42.740002,1,0,5,2,0,.80000001
0,35.139999,0,0,2,1,0,.90175438
0,39,0,0,2,1,0,.80000001
1,34.93,0,0,1,1,0,.80000001
0,37.23,0,0,1,1,0,.90204084
0,33.529999,0,0,1,1,0,.90303028
0,38.849998,0,0,1,1,0,.80000001
0,42.09,0,0,1,1,0,.77165353
0,28.4,0,0,1,2,0,.78481013
0,35.400002,1,0,1,2,0,.89999998
1,47.779999,0,0,6,2,0,.75064933
0,40.98,1,0,1,2,0,.89855075
0,19.440001,0,0,1,1,0,.79344261
0,46.450001,0,0,1,2,0,.73118281
0,34.169998,0,0,1,1,0,.90399998
0,31.77,1,0,1,1,0,.90277779
0,30.83,1,1,2,3,0,.80555558
0,35.369999,0,0,1,2,0,.89937109
0,39.380001,0,0,1,2,0,.74418604
0,39.220001,0,0,1,2,0,.902439
0,20.049999,1,1,1,2,0,.875
0,47.939999,0,0,4,2,0,.70652175
0,31.15,0,0,1,2,0,.80263156
0,11.35,0,1,1,1,0,.80319148
1,31.889999,1,0,5,1,0,.89999998
0,35.169998,0,0,1,2,0,.89781022
0,24.42,0,0,1,1,0,.80263156
0,31.84,0,0,1,2,0,.31578946
0,19.219999,0,0,1,2,0,.89705884
0,42.150002,0,0,1,1,0,.89759034
0,33.93,0,0,2,2,0,.87096775
0,10.79,0,1,1,1,0,.69565219
1,26.790001,0,0,1,2,0,.9054054
1,35.82,1,0,5,2,0,.89830506
0,36.799999,0,0,1,2,0,.89999998
0,25.379999,0,0,4,2,0,.88235295
0,29.52,0,0,3,2,0,.80257511
0,29.309999,1,0,1,1,0,.83333331
0,29.879999,0,0,4,2,0,.79012346
0,33.779999,0,0,1,2,0,.77837837
0,36.869999,0,0,1,2,0,.90285712
0,40.09,1,0,4,1,0,.79545456
0,35,0,0,1,2,0,.88732392
0,39.049999,1,1,1,2,0,.80000001
0,40.02,0,0,2,2,0,.90196079
0,39.529999,1,0,1,2,0,.90070921
0,36.299999,1,0,1,2,0,.7972973
1,36.700001,0,0,3,2,0,.89763778
0,33.59,0,0,1,2,0,.90285712
1,24.23,0,0,5,2,0,.90265489
0,24.76,0,0,2,2,0,.89908254
0,39.049999,0,0,1,1,0,.90212768
0,32.220001,0,0,4,1,0,.75757575
0,32.169998,0,0,1,2,0,.90322578
0,42.66,1,0,1,2,0,.80000001
0,30.940001,0,0,1,2,0,.70588237
0,33.720001,0,0,4,2,0,.74852073
0,26,0,0,4,1,0,1
0,35.830002,1,0,1,2,0,.90344828
0,35.25,0,1,2,2,0,.375
0,28.309999,0,1,2,1,0,.75
0,32.07,0,0,2,2,0,.80000001
1,43.150002,0,0,2,2,0,.875
1,32.07,1,0,1,2,0,.89999998
0,31.959999,0,0,1,1,0,.68484849
1,39.959999,0,0,2,3,0,.89999998
0,32.110001,0,0,1,2,0,.8984375
0,38.400002,0,0,4,1,0,.71069181
1,19,0,1,1,2,0,.75454545
1,4,0,0,1,2,0,.80000001
1,34.66,0,0,1,2,0,.90344828
1,48.400002,0,1,5,2,0,1
0,32.869999,0,0,1,2,0,.90769231
1,28.66,1,0,6,1,0,.79661018
0,31.58,0,0,1,2,0,.74853802
0,41.91,0,0,1,2,0,.79452056
0,37.790001,0,0,1,2,0,.89880955
1,44,1,0,1,2,0,.74820143
1,32.209999,1,0,4,2,0,.90277779
0,37.330002,0,1,5,1,0,.75
1,29.200001,0,0,5,2,0,.89285713
0,30.309999,0,0,1,2,0,.90322578
0,30.709999,0,0,5,3,0,.75
0,32,1,0,5,2,0,.74576271
0,33.18,0,0,2,1,0,.79797977
0,33.869999,0,0,2,1,0,
0,31.940001,0,0,1,2,0,.80000001
0,29.17,0,1,1,1,0,.69444442
0,32.950001,0,0,1,2,0,.90399998
0,38.299999,0,0,3,1,0,.80092591
1,25.42,1,0,6,2,0,.95348835
0,31.6,0,0,1,2,0,.80800003
0,37.259998,0,0,1,2,0,.80053371
0,35.830002,0,0,2,2,0,.75320512
0,33,0,0,2,1,0,.79941005
0,38.009998,1,0,1,1,0,.75384617
0,31.68,0,0,1,2,0,.74860334
0,38.52,0,0,1,2,0,.92903227
0,34.529999,0,0,1,2,0,.75423729
0,29.67,0,0,2,2,0,.90102386
0,27.58,0,0,1,2,0,.75555557
0,40.09,1,0,3,2,0,.75
0,35.560001,0,0,1,2,0,.64743972
0,30.219999,0,0,2,1,0,.89999998
0,21.85,0,0,1,2,0,.79601991
0,26.299999,0,0,1,2,0,.80000001
0,32.299999,0,0,1,1,0,.74774772
0,35.560001,0,0,4,2,0,.79874212
0,30.799999,0,0,1,2,0,.80000001
0,27.6,0,0,1,1,0,.80000001
0,36.560001,0,0,1,2,0,.80000001
0,33.23,0,0,1,1,0,.54045802
0,28.75,0,0,1,2,0,.60944206
0,26.219999,0,0,1,1,0,.63921571
0,35.290001,0,0,1,2,0,.94392526
0,35.34,0,0,3,1,0,.79682648
0,30.1,0,0,1,2,0,.31976745
0,37.27,1,0,1,2,0,.80000001
0,35,0,0,3,1,0,.50884354
0,35,0,0,1,2,0,.80000001
0,17,0,0,3,1,0,.44117647
0,17,0,1,1,1,0,.45581394
0,30,0,0,2,1,0,.60352421
0,34,0,0,1,1,0,.76326531
1,50,0,0,3,1,0,.50793654
0,21,0,0,1,2,0,.74666667
0,36,0,0,1,1,0,4.2133331
0,19,0,0,3,2,0,.36144578
0,32,0,0,3,1,0,.79754603
0,35,0,0,3,3,0,.6745283
1,21,0,1,2,2,0,.7056604
0,28,0,0,1,1,0,.72590739
0,30,0,0,3,4,0,.59696972
0,36,0,0,1,2,0,.79847908
0,27,0,0,2,2,0,.80263156
0,38,0,0,2,1,0,.58730161
0,34,0,1,3,4,0,.7241379
0,27,0,0,3,1,0,.75454545
0,37,0,0,3,1,0,.90140843
0,30.33,0,0,2,1,0,.51612902
0,29.860001,0,0,1,1,0,.68936169
0,37.02,0,0,1,1,0,.76555026
0,36.5,1,0,6,2,0,.90476191
0,36.599998,0,0,1,1,0,.47948718
0,33,0,0,1,2,0,.7265625
0,40,0,0,1,2,0,.55555558
0,27,1,0,1,2,0,.85294116
0,29,0,0,1,2,0,.79051381
0,31,0,0,1,1,0,.73284477
0,38,1,0,6,2,0,.94999999
0,37,1,0,1,2,0,.89999998
0,38,1,0,1,2,0,.89999998
0,34,0,0,1,2,0,.5
0,42,0,0,1,2,0,.79933852
0,32,0,0,1,2,0,.89913994
0,38.599998,0,0,1,1,0,.32692307
0,34.700001,0,0,1,2,0,.7241379
0,24.4,0,1,1,2,0,.80000001
0,23,0,0,1,2,0,.45161289
0,34,1,0,1,2,0,.90322578
0,35,0,0,1,2,0,.90109891
0,37.900002,0,0,6,2,0,.90384614
0,39,0,0,1,2,0,.92000002
0,42,0,0,1,2,0,.80000001
0,26,0,0,1,1,0,.88207549
0,43,0,0,2,1,0,.75144511
0,34,0,0,2,2,0,.94871795
0,20,0,1,2,1,0,.89999998
0,36,0,0,1,2,0,.92000002
0,32,1,0,2,2,0,.94244605
0,35,0,0,1,2,0,.63207549
0,47,0,1,1,1,0,.89312977
0,39,1,0,6,2,0,.94
0,34,0,0,1,2,0,.89473683
0,38,1,0,1,2,0,.95384616
1,36.799999,1,0,2,2,0,1.2214285
0,30,0,0,1,2,0,.80000001
0,39.099998,0,0,1,2,0,.95412844
0,30,0,0,2,2,0,.90076333
0,41,0,0,1,2,0,.89999998
0,34,0,0,2,1,0,.80645162
0,26,0,0,1,2,0,.44444445
0,35,0,0,1,1,0,.71428573
0,9,0,0,1,2,0,.80000001
0,26,0,0,1,2,0,.92021275
0,44,0,0,1,1,0,.80000001
0,35,0,0,2,2,0,.80000001
0,39,0,0,2,1,0,.61023623
0,31,0,0,5,2,0,.75
0,40,0,0,1,1,0,.80508476
0,41,0,1,2,1,0,.64705884
0,24,0,0,2,1,0,.80000001
0,33,0,0,2,1,0,.80000001
0,37,0,0,1,2,0,.80000001
0,35,0,0,1,1,0,.52173913
1,42,0,0,6,2,0,.75238097
0,33,1,0,6,2,0,.80000001
0,34,0,0,1,1,0,.73191488
0,36,0,0,1,3,0,.90140843
1,32,0,1,3,1,0,.80000001
0,32,0,0,3,2,0,.80000001
0,27,0,0,2,1,0,.9018088
0,33,0,1,1,1,0,.47489825
0,38,0,0,5,1,0,.72115386
0,36,1,0,2,1,0,.74871796
0,24,0,0,1,2,0,.79844964
0,32,0,0,1,2,0,.80000001
0,38,0,0,1,2,0,.3125
0,38,0,0,2,2,0,.49019608
0,25,0,0,2,2,0,.80000001
0,32,0,0,1,2,0,.80000001
0,31,1,0,6,2,0,.89873415
0,33,0,0,3,2,0,.80000001
0,35,1,0,3,2,0,.90076333
0,33,0,0,5,1,0,.80303031
0,31,0,1,1,1,0,.6857143
0,30,0,0,1,2,0,.80067569
0,26,0,0,2,1,0,.59365082
1,32,1,0,6,1,0,.79674798
1,35,0,0,2,2,0,.80000001
