date,chf_eur
01/01/2019,1.1269
02/01/2019,1.1239
03/01/2019,1.1219
04/01/2019,1.1256
07/01/2019,1.1227
08/01/2019,1.1232
09/01/2019,1.123
10/01/2019,1.1276
11/01/2019,1.1327
14/01/2019,1.1258
15/01/2019,1.1266
16/01/2019,1.1269
17/01/2019,1.1312
18/01/2019,1.1331
21/01/2019,1.1343
22/01/2019,1.1326
23/01/2019,1.1335
24/01/2019,1.1283
25/01/2019,1.131
28/01/2019,1.1331
29/01/2019,1.1352
30/01/2019,1.1403
31/01/2019,1.1409
01/02/2019,1.1396
04/02/2019,1.1421
05/02/2019,1.1436
06/02/2019,1.1394
07/02/2019,1.1357
08/02/2019,1.1357
11/02/2019,1.1351
12/02/2019,1.1381
13/02/2019,1.1371
14/02/2019,1.137
15/02/2019,1.134
18/02/2019,1.1361
19/02/2019,1.1351
20/02/2019,1.1342
21/02/2019,1.1367
22/02/2019,1.1346
25/02/2019,1.1351
26/02/2019,1.1371
27/02/2019,1.1354
28/02/2019,1.1335
01/03/2019,1.1363
04/03/2019,1.1352
05/03/2019,1.1341
06/03/2019,1.136
07/03/2019,1.1355
08/03/2019,1.1324
11/03/2019,1.1349
12/03/2019,1.1369
13/03/2019,1.1373
14/03/2019,1.1351
15/03/2019,1.136
18/03/2019,1.136
19/03/2019,1.1353
20/03/2019,1.1338
21/03/2019,1.1309
22/03/2019,1.1243
25/03/2019,1.1237
26/03/2019,1.1222
27/03/2019,1.1196
28/03/2019,1.1185
29/03/2019,1.1181
01/04/2019,1.118
02/04/2019,1.1195
03/04/2019,1.1206
04/04/2019,1.1207
05/04/2019,1.1235
08/04/2019,1.1245
09/04/2019,1.127
10/04/2019,1.128
11/04/2019,1.1304
12/04/2019,1.1326
15/04/2019,1.1345
16/04/2019,1.1371
17/04/2019,1.14
18/04/2019,1.1383
19/04/2019,1.1383
22/04/2019,1.1383
23/04/2019,1.147
24/04/2019,1.1416
25/04/2019,1.1368
26/04/2019,1.1372
29/04/2019,1.1379
30/04/2019,1.1437
01/05/2019,1.1437
02/05/2019,1.1419
03/05/2019,1.1383
06/05/2019,1.1403
07/05/2019,1.1415
08/05/2019,1.1407
09/05/2019,1.139
10/05/2019,1.1378
13/05/2019,1.1319
14/05/2019,1.1307
15/05/2019,1.1276
16/05/2019,1.1306
17/05/2019,1.1283
20/05/2019,1.1263
21/05/2019,1.1274
22/05/2019,1.1252
23/05/2019,1.1224
24/05/2019,1.1215
27/05/2019,1.1257
28/05/2019,1.1254
29/05/2019,1.1217
30/05/2019,1.1228
31/05/2019,1.1214
03/06/2019,1.1162
04/06/2019,1.1178
05/06/2019,1.1163
06/06/2019,1.1174
07/06/2019,1.1191
10/06/2019,1.12
11/06/2019,1.1233
12/06/2019,1.1252
13/06/2019,1.1207
14/06/2019,1.1211
17/06/2019,1.1214
18/06/2019,1.1175
19/06/2019,1.1176
20/06/2019,1.1142
21/06/2019,1.1107
24/06/2019,1.1109
25/06/2019,1.1108
26/06/2019,1.1113
27/06/2019,1.1121
28/06/2019,1.1105
01/07/2019,1.1141
02/07/2019,1.1169
03/07/2019,1.1116
04/07/2019,1.112
05/07/2019,1.1126
08/07/2019,1.1127
09/07/2019,1.1137
10/07/2019,1.1133
11/07/2019,1.1114
12/07/2019,1.1087
15/07/2019,1.1071
16/07/2019,1.1075
17/07/2019,1.1095
18/07/2019,1.1064
19/07/2019,1.1033
22/07/2019,1.1007
23/07/2019,1.0985
24/07/2019,1.0982
25/07/2019,1.0989
26/07/2019,1.1053
29/07/2019,1.1037
30/07/2019,1.1038
31/07/2019,1.1041
01/08/2019,1.0988
02/08/2019,1.0931
05/08/2019,1.0893
06/08/2019,1.0919
07/08/2019,1.0921
08/08/2019,1.0923
09/08/2019,1.0897
12/08/2019,1.0876
13/08/2019,1.0853
14/08/2019,1.0862
15/08/2019,1.0863
16/08/2019,1.0854
19/08/2019,1.0884
20/08/2019,1.086
21/08/2019,1.0875
22/08/2019,1.0905
23/08/2019,1.0893
26/08/2019,1.0885
27/08/2019,1.0884
28/08/2019,1.0872
29/08/2019,1.088
30/08/2019,1.0909
02/09/2019,1.0875
03/09/2019,1.0829
04/09/2019,1.0848
05/09/2019,1.0863
06/09/2019,1.0928
09/09/2019,1.0923
10/09/2019,1.0943
11/09/2019,1.0934
12/09/2019,1.0892
13/09/2019,1.094
16/09/2019,1.0932
17/09/2019,1.0966
18/09/2019,1.0999
19/09/2019,1.097
20/09/2019,1.0942
23/09/2019,1.0891
24/09/2019,1.0878
25/09/2019,1.0841
26/09/2019,1.0864
27/09/2019,1.086
30/09/2019,1.0847
01/10/2019,1.0906
02/10/2019,1.094
03/10/2019,1.0957
04/10/2019,1.0913
07/10/2019,1.0924
08/10/2019,1.0898
09/10/2019,1.0927
10/10/2019,1.0948
11/10/2019,1.1025
14/10/2019,1.0983
15/10/2019,1.0977
16/10/2019,1.0997
17/10/2019,1.0991
18/10/2019,1.0996
21/10/2019,1.1002
22/10/2019,1.1004
23/10/2019,1.1004
24/10/2019,1.1019
25/10/2019,1.1019
28/10/2019,1.1047
29/10/2019,1.1041
30/10/2019,1.1032
31/10/2019,1.1007
01/11/2019,1.1013
04/11/2019,1.1021
05/11/2019,1.1009
06/11/2019,1.101
07/11/2019,1.0998
08/11/2019,1.0991
11/11/2019,1.0972
12/11/2019,1.0963
13/11/2019,1.0894
14/11/2019,1.0873
15/11/2019,1.0924
18/11/2019,1.096
19/11/2019,1.0979
20/11/2019,1.0977
21/11/2019,1.0998
22/11/2019,1.0994
25/11/2019,1.0986
26/11/2019,1.0993
27/11/2019,1.0986
28/11/2019,1.0991
29/11/2019,1.0998
02/12/2019,1.0995
03/12/2019,1.0947
04/12/2019,1.0956
05/12/2019,1.0964
06/12/2019,1.0968
09/12/2019,1.0959
10/12/2019,1.0922
11/12/2019,1.0916
12/12/2019,1.0939
13/12/2019,1.0982
16/12/2019,1.0953
17/12/2019,1.0946
18/12/2019,1.0913
19/12/2019,1.0899
20/12/2019,1.0883
23/12/2019,1.087
24/12/2019,1.0878
25/12/2019,1.0878
26/12/2019,1.0878
27/12/2019,1.089
30/12/2019,1.0871
31/12/2019,1.0854
01/01/2020,1.0854
02/01/2020,1.0865
03/01/2020,1.084
06/01/2020,1.085
07/01/2020,1.085
08/01/2020,1.0792
09/01/2020,1.0808
10/01/2020,1.0822
13/01/2020,1.0811
14/01/2020,1.0767
15/01/2020,1.0751
16/01/2020,1.0739
17/01/2020,1.0736
20/01/2020,1.0737
21/01/2020,1.0743
22/01/2020,1.0757
23/01/2020,1.0734
24/01/2020,1.0712
27/01/2020,1.0689
28/01/2020,1.0703
29/01/2020,1.0729
30/01/2020,1.069
31/01/2020,1.0694
03/02/2020,1.0672
04/02/2020,1.0702
05/02/2020,1.0717
06/02/2020,1.0715
07/02/2020,1.0705
10/02/2020,1.07
11/02/2020,1.0667
12/02/2020,1.0645
13/02/2020,1.0633
14/02/2020,1.0641
17/02/2020,1.0641
18/02/2020,1.0619
19/02/2020,1.0621
20/02/2020,1.0616
21/02/2020,1.061
24/02/2020,1.06
25/02/2020,1.0605
26/02/2020,1.0606
27/02/2020,1.0627
28/02/2020,1.0614
02/03/2020,1.0655
03/03/2020,1.0646
04/03/2020,1.0647
05/03/2020,1.0663
06/03/2020,1.0589
09/03/2020,1.0594
10/03/2020,1.0594
11/03/2020,1.0591
12/03/2020,1.0549
13/03/2020,1.0608
16/03/2020,1.0546
17/03/2020,1.0561
18/03/2020,1.0546
19/03/2020,1.0535
20/03/2020,1.0546
23/03/2020,1.059
24/03/2020,1.0572
25/03/2020,1.0602
26/03/2020,1.0634
27/03/2020,1.0581
30/03/2020,1.0571
31/03/2020,1.0585
01/04/2020,1.0564
02/04/2020,1.0551
03/04/2020,1.0547
06/04/2020,1.056
07/04/2020,1.0582
08/04/2020,1.0557
09/04/2020,1.0558
10/04/2020,1.0558
13/04/2020,1.0558
14/04/2020,1.0543
15/04/2020,1.0534
16/04/2020,1.0516
17/04/2020,1.0515
20/04/2020,1.0518
21/04/2020,1.0517
22/04/2020,1.0523
23/04/2020,1.0511
24/04/2020,1.0525
27/04/2020,1.0557
28/04/2020,1.0586
29/04/2020,1.0571
30/04/2020,1.0558
01/05/2020,1.0558
04/05/2020,1.0548
05/05/2020,1.0525
06/05/2020,1.053
07/05/2020,1.053
08/05/2020,1.0529
11/05/2020,1.0519
12/05/2020,1.052
13/05/2020,1.0528
14/05/2020,1.0512
15/05/2020,1.0513
18/05/2020,1.0521
19/05/2020,1.0633
20/05/2020,1.0584
21/05/2020,1.0628
22/05/2020,1.0591
25/05/2020,1.0597
26/05/2020,1.06
27/05/2020,1.0675
28/05/2020,1.0683
29/05/2020,1.072
01/06/2020,1.0686
02/06/2020,1.0741
03/06/2020,1.0793
04/06/2020,1.0786
05/06/2020,1.0866
08/06/2020,1.0861
09/06/2020,1.077
10/06/2020,1.0762
11/06/2020,1.0697
12/06/2020,1.0697
15/06/2020,1.0679
16/06/2020,1.0717
17/06/2020,1.0669
18/06/2020,1.0667
19/06/2020,1.0656
22/06/2020,1.0654
23/06/2020,1.0705
24/06/2020,1.0679
25/06/2020,1.0637
26/06/2020,1.0631
29/06/2020,1.0669
30/06/2020,1.0651
01/07/2020,1.062
02/07/2020,1.0648
03/07/2020,1.0623
06/07/2020,1.0642
07/07/2020,1.0643
08/07/2020,1.0624
09/07/2020,1.0634
10/07/2020,1.0625
13/07/2020,1.0685
14/07/2020,1.0691
15/07/2020,1.0783
16/07/2020,1.0787
17/07/2020,1.0753
20/07/2020,1.0736
21/07/2020,1.074
22/07/2020,1.0785
23/07/2020,1.0731
24/07/2020,1.073
27/07/2020,1.0838
28/07/2020,1.0758
29/07/2020,1.0766
30/07/2020,1.0744
31/07/2020,1.0769
03/08/2020,1.0784
04/08/2020,1.0761
05/08/2020,1.077
06/08/2020,1.0759
07/08/2020,1.0804
10/08/2020,1.079
11/08/2020,1.0743
12/08/2020,1.0755
13/08/2020,1.0784
14/08/2020,1.0754
17/08/2020,1.0765
18/08/2020,1.0773
19/08/2020,1.0811
20/08/2020,1.0786
21/08/2020,1.0744
24/08/2020,1.0761
25/08/2020,1.0752
26/08/2020,1.0738
27/08/2020,1.075
28/08/2020,1.0758
31/08/2020,1.0774
01/09/2020,1.0865
02/09/2020,1.0799
03/09/2020,1.0776
04/09/2020,1.0793
07/09/2020,1.0809
08/09/2020,1.082
09/09/2020,1.0806
10/09/2020,1.0766
11/09/2020,1.0777
14/09/2020,1.0768
15/09/2020,1.0768
16/09/2020,1.0753
17/09/2020,1.0742
18/09/2020,1.0776
21/09/2020,1.0761
22/09/2020,1.0748
23/09/2020,1.0773
24/09/2020,1.0772
25/09/2020,1.0798
28/09/2020,1.0816
29/09/2020,1.0795
30/09/2020,1.0804
01/10/2020,1.0787
02/10/2020,1.079
05/10/2020,1.0781
06/10/2020,1.0781
07/10/2020,1.0787
08/10/2020,1.0799
09/10/2020,1.0773
12/10/2020,1.0742
13/10/2020,1.0734
14/10/2020,1.0738
15/10/2020,1.0697
16/10/2020,1.0721
19/10/2020,1.0724
20/10/2020,1.0724
21/10/2020,1.0715
22/10/2020,1.0726
23/10/2020,1.0715
26/10/2020,1.0719
27/10/2020,1.0732
28/10/2020,1.0693
29/10/2020,1.0684
30/10/2020,1.0698
02/11/2020,1.0695
03/11/2020,1.0709
04/11/2020,1.0675
05/11/2020,1.0724
06/11/2020,1.0682
09/11/2020,1.0778
10/11/2020,1.0817
11/11/2020,1.0793
12/11/2020,1.0805
13/11/2020,1.0805
16/11/2020,1.0819
17/11/2020,1.0816
18/11/2020,1.0812
19/11/2020,1.0797
20/11/2020,1.0811
23/11/2020,1.0806
24/11/2020,1.0833
25/11/2020,1.0835
26/11/2020,1.0813
27/11/2020,1.0826
30/11/2020,1.0839
01/12/2020,1.0836
02/12/2020,1.0819
03/12/2020,1.0831
04/12/2020,1.0822
07/12/2020,1.0802
08/12/2020,1.0781
09/12/2020,1.0764
10/12/2020,1.0757
11/12/2020,1.0786
14/12/2020,1.0776
15/12/2020,1.077
16/12/2020,1.0786
17/12/2020,1.0821
18/12/2020,1.0845
21/12/2020,1.081
22/12/2020,1.0837
23/12/2020,1.0837
24/12/2020,1.0851
25/12/2020,1.0851
28/12/2020,1.0854
29/12/2020,1.0862
30/12/2020,1.0857
31/12/2020,1.0802
01/01/2021,1.0802
04/01/2021,1.0811
05/01/2021,1.0803
06/01/2021,1.0821
07/01/2021,1.0833
08/01/2021,1.0827
11/01/2021,1.0838
12/01/2021,1.0812
13/01/2021,1.0812
14/01/2021,1.0805
15/01/2021,1.077
18/01/2021,1.0747
19/01/2021,1.0769
20/01/2021,1.0778
21/01/2021,1.0773
22/01/2021,1.0773
25/01/2021,1.0772
26/01/2021,1.0789
27/01/2021,1.0759
28/01/2021,1.0783
29/01/2021,1.0798
01/02/2021,1.0816
02/02/2021,1.0808
03/02/2021,1.0804
04/02/2021,1.0818
05/02/2021,1.0825
08/02/2021,1.0842
09/02/2021,1.0817
10/02/2021,1.0805
11/02/2021,1.0802
12/02/2021,1.0803
15/02/2021,1.0802
16/02/2021,1.08
17/02/2021,1.0806
18/02/2021,1.0829
19/02/2021,1.0851
22/02/2021,1.0888
23/02/2021,1.0946
24/02/2021,1.1029
25/02/2021,1.1076
26/02/2021,1.0986
01/03/2021,1.1014
02/03/2021,1.105
03/03/2021,1.1064
04/03/2021,1.1114
05/03/2021,1.1066
08/03/2021,1.1087
09/03/2021,1.1071
10/03/2021,1.1069
11/03/2021,1.1066
12/03/2021,1.1094
15/03/2021,1.1084
16/03/2021,1.1033
17/03/2021,1.1047
18/03/2021,1.1069
19/03/2021,1.1066
22/03/2021,1.1023
23/03/2021,1.1066
24/03/2021,1.1068
25/03/2021,1.1045
26/03/2021,1.109
29/03/2021,1.1075
30/03/2021,1.1057
31/03/2021,1.107
01/04/2021,1.1099
02/04/2021,1.1099
05/04/2021,1.1099
06/04/2021,1.107
07/04/2021,1.1044
08/04/2021,1.1021
09/04/2021,1.101
12/04/2021,1.0998
13/04/2021,1.1001
14/04/2021,1.1033
15/04/2021,1.1046
16/04/2021,1.1011
19/04/2021,1.0998
20/04/2021,1.1029
21/04/2021,1.1026
22/04/2021,1.1035
23/04/2021,1.1038
26/04/2021,1.1067
27/04/2021,1.1038
28/04/2021,1.1044
29/04/2021,1.102
30/04/2021,1.0998
03/05/2021,1.1016
04/05/2021,1.098
05/05/2021,1.0965
06/05/2021,1.0953
07/05/2021,1.0963
10/05/2021,1.0939
11/05/2021,1.0976
12/05/2021,1.0966
13/05/2021,1.096
14/05/2021,1.0952
17/05/2021,1.095
18/05/2021,1.0963
19/05/2021,1.1008
20/05/2021,1.0991
21/05/2021,1.0951
24/05/2021,1.0957
25/05/2021,1.0977
26/05/2021,1.0958
27/05/2021,1.0967
28/05/2021,1.096
31/05/2021,1.0982
01/06/2021,1.0986
02/06/2021,1.0982
03/06/2021,1.0961
04/06/2021,1.0951
07/06/2021,1.0934
08/06/2021,1.0914
09/06/2021,1.0913
10/06/2021,1.0909
11/06/2021,1.0883
14/06/2021,1.0889
15/06/2021,1.0899
16/06/2021,1.0896
17/06/2021,1.0925
18/06/2021,1.0941
21/06/2021,1.0954
22/06/2021,1.0943
23/06/2021,1.0963
24/06/2021,1.0967
25/06/2021,1.0956
28/06/2021,1.0969
29/06/2021,1.0965
30/06/2021,1.098
01/07/2021,1.0985
02/07/2021,1.0945
05/07/2021,1.0935
06/07/2021,1.093
07/07/2021,1.0917
08/07/2021,1.0851
09/07/2021,1.0852
12/07/2021,1.0852
13/07/2021,1.0857
14/07/2021,1.084
15/07/2021,1.0828
16/07/2021,1.0853
19/07/2021,1.084
20/07/2021,1.0838
21/07/2021,1.0848
22/07/2021,1.0829
23/07/2021,1.0838
26/07/2021,1.0826
27/07/2021,1.0806
28/07/2021,1.0802
29/07/2021,1.0788
30/07/2021,1.0771
02/08/2021,1.0761
03/08/2021,1.0735
04/08/2021,1.0729
05/08/2021,1.0733
06/08/2021,1.0724
09/08/2021,1.0786
10/08/2021,1.0813
11/08/2021,1.0818
12/08/2021,1.0824
13/08/2021,1.0829
16/08/2021,1.0758
17/08/2021,1.0713
18/08/2021,1.0726
19/08/2021,1.0723
20/08/2021,1.0711
23/08/2021,1.0744
24/08/2021,1.0711
25/08/2021,1.0739
26/08/2021,1.0789
27/08/2021,1.0796
30/08/2021,1.0798
31/08/2021,1.0799
01/09/2021,1.0845
02/09/2021,1.0848
03/09/2021,1.0863
06/09/2021,1.0869
07/09/2021,1.0853
08/09/2021,1.0888
09/09/2021,1.0861
10/09/2021,1.0854
13/09/2021,1.0873
14/09/2021,1.0887
15/09/2021,1.0845
16/09/2021,1.0886
17/09/2021,1.0931
20/09/2021,1.0883
21/09/2021,1.0845
22/09/2021,1.082
23/09/2021,1.0831
24/09/2021,1.083
27/09/2021,1.085
28/09/2021,1.084
29/09/2021,1.0829
30/09/2021,1.083
01/10/2021,1.0791
04/10/2021,1.0768
05/10/2021,1.0752
06/10/2021,1.0715
07/10/2021,1.0712
08/10/2021,1.0734
11/10/2021,1.0722
12/10/2021,1.0729
13/10/2021,1.0722
14/10/2021,1.0686
15/10/2021,1.0729
18/10/2021,1.0712
19/10/2021,1.0716
20/10/2021,1.0739
21/10/2021,1.069
22/10/2021,1.0668
25/10/2021,1.0666
26/10/2021,1.0684
27/10/2021,1.067
28/10/2021,1.0656
29/10/2021,1.0611
01/11/2021,1.0562
02/11/2021,1.0594
03/11/2021,1.0568
04/11/2021,1.0554
05/11/2021,1.0559
08/11/2021,1.0591
09/11/2021,1.0592
10/11/2021,1.0555
11/11/2021,1.0561
12/11/2021,1.0568
15/11/2021,1.0533
16/11/2021,1.0528
17/11/2021,1.053
18/11/2021,1.0511
19/11/2021,1.0462
22/11/2021,1.0454
23/11/2021,1.0492
24/11/2021,1.0484
25/11/2021,1.048
26/11/2021,1.0446
29/11/2021,1.044
30/11/2021,1.043
01/12/2021,1.0427
02/12/2021,1.0414
03/12/2021,1.0387
06/12/2021,1.0416
07/12/2021,1.0414
08/12/2021,1.0432
09/12/2021,1.0446
10/12/2021,1.0424
13/12/2021,1.0418
14/12/2021,1.0404
15/12/2021,1.0416
16/12/2021,1.0457
17/12/2021,1.0409
20/12/2021,1.0408
21/12/2021,1.0417
22/12/2021,1.0432
23/12/2021,1.0413
24/12/2021,1.0402
27/12/2021,1.0396
28/12/2021,1.0381
29/12/2021,1.038
30/12/2021,1.0363
31/12/2021,1.0331
